chr	pos	data_HepG2_WT_v_KD	term_HepG2_WT_v_KD	p.value_HepG2_WT_v_KD	note_HepG2_WT_v_KD	p.value.BH_HepG2_WT_v_KD	delta_delrate_P101_HepG2_WT_v_KD	delta_delrate_P102_HepG2_WT_v_KD	dd_delrate_HepG2_WT_v_KD	data_HepG2_WT_v_OE	term_HepG2_WT_v_OE	p.value_HepG2_WT_v_OE	note_HepG2_WT_v_OE	p.value.BH_HepG2_WT_v_OE	delta_delrate_P4_HepG2_WT_v_OE	delta_delrate_P3_HepG2_WT_v_OE	dd_delrate_HepG2_WT_v_OE	data_293T_WT_v_KD	term_293T_WT_v_KD	p.value_293T_WT_v_KD	note_293T_WT_v_KD	p.value.BH_293T_WT_v_KD	delta_delrate_P101_293T_WT_v_KD	delta_delrate_P102_293T_WT_v_KD	dd_delrate_293T_WT_v_KD	data_293T_WT_v_OE	term_293T_WT_v_OE	p.value_293T_WT_v_OE	note_293T_WT_v_OE	p.value.BH_293T_WT_v_OE	delta_delrate_P4_293T_WT_v_OE	delta_delrate_P3_293T_WT_v_OE	dd_delrate_293T_WT_v_OE	data_Both_WT_v_KD	term_Both_WT_v_KD	p.value_Both_WT_v_KD	note_Both_WT_v_KD	p.value.BH_Both_WT_v_KD	delta_delrate_P101_Both_WT_v_KD	delta_delrate_P102_Both_WT_v_KD	dd_delrate_Both_WT_v_KD	data_Both_WT_v_OE	term_Both_WT_v_OE	p.value_Both_WT_v_OE	note_Both_WT_v_OE	p.value.BH_Both_WT_v_OE	delta_delrate_P4_Both_WT_v_OE	delta_delrate_P3_Both_WT_v_OE	dd_delrate_Both_WT_v_OE
BRI3BP_chr12_125025556	65		glm_model_factor	0.009110677674850104		0.009110677674850104	0.03529529419466621	0.12376578350240326	0.08847048930773704		glm_model_factor	7.687733111148142e-7		7.687733111148142e-7	-0.006220953070907476	0.06482813084232143	0.07104908391322891		NA	NA	NA	NA	NA	NA	NA		NA	NA	NA	NA	NA	NA	NA		glm_model_factor	0.00325778887684602		0.00325778887684602	0.031924048577230385	0.10880163154579926	0.07687758296856888		glm_model_factor	4.4484582680979726e-6		4.4484582680979726e-6	0.056287906150598165	0.1387392001735541	0.08245129402295592
CCT7_chr2_73252776	65		glm_model_factor	5.792242956080992e-13		5.792242956080992e-13	-0.0018052560477708401	0.06005734817261773	0.06186260422038857		glm_model_factor	3.828373020384138e-11		3.828373020384138e-11	7.47366572579013e-4	0.06252733851928415	0.061779971946705134		NA	NA	NA	NA	NA	NA	NA		glm_model_factor	0.0029817558672887066		0.0029817558672887066	0.05122251926034825	0.20067055426632224	0.14944803500597398		glm_model_factor	1.6622485435030647e-12		1.6622485435030647e-12	0.005961519526954369	0.058349518422604406	0.05238799889565004		glm_model_factor	5.140390058162708e-8		5.140390058162708e-8	0.026029822048869222	0.1315989463928032	0.10556912434393398
CLPP_chr19_6368667	65		glm_model_factor	0.0074030706878757775		0.0074030706878757775	0.10107782338536289	0.17603013831224915	0.07495231492688625		glm_model_factor	5.696125575032137e-9		5.696125575032137e-9	0.14398683432286646	0.4516102003676234	0.30762336604475693		glm_model_factor	2.501682772486536e-6		2.501682772486536e-6	0.09090230786654208	0.2216736786127882	0.13077137074624612		glm_model_factor	0.013588602974765709		0.013588602974765709	0.2264787666899185	0.39118385340409884	0.16470508671418033		glm_model_factor	2.096418008729807e-9		2.096418008729807e-9	0.09622472684861794	0.19888517102269915	0.10266044417408121		glm_model_factor	9.571683981622622e-6		9.571683981622622e-6	0.18550135861177508	0.4213970268858611	0.23589566827408603
CTDSP2_chr12_57820227	66		glm_model_factor	6.606921817094701e-4		6.606921817094701e-4	0.04469088557956299	0.1905249111172632	0.1458340255377002		NA	NA	NA	NA	NA	NA	NA		NA	NA	NA	NA	NA	NA	NA		glm_model_factor	8.995464016016317e-24		8.995464016016317e-24	0.24723145623832146	0.34415799492312416	0.0969265386848027		glm_model_factor	2.4996299220825203e-5		2.4996299220825203e-5	0.07089379942226205	0.19997167720853695	0.12907787778627489		glm_model_factor	1.6213513818540554e-15		1.6213513818540554e-15	0.19335719039099813	0.3017269330987235	0.10836974270772537
CYC1_chr8_144097068	65		glm_model_factor	3.839224307442475e-16		3.839224307442475e-16	0.03451721142853371	0.14539255559755251	0.11087534416901881		NA	NA	NA	NA	NA	NA	NA		NA	NA	NA	NA	NA	NA	NA		NA	NA	NA	NA	NA	NA	NA		glm_model_factor	1.73672853621538e-17		1.73672853621538e-17	0.07210904957349604	0.147165985069285	0.07505693549578896		NA	NA	NA	NA	NA	NA	NA
DCTN1_chr2_74378181	66		glm_model_factor	3.934220340081928e-9		3.934220340081928e-9	0.09608036738964897	0.3006245738469501	0.20454420645730115		glm_model_factor	2.972947154196971e-20		2.972947154196971e-20	0.02783828938393121	0.43510030372550057	0.4072620143415694		glm_model_factor	1.5882210981065014e-13		1.5882210981065014e-13	0.11113552834326133	0.2690219259360958	0.15788639759283446		glm_model_factor	0.001853195597370212		0.001853195597370212	0.2984057630103706	0.48044628682593604	0.18204052381556546		glm_model_factor	3.5887370977682974e-19		3.5887370977682974e-19	0.10362481067051922	0.28477063456647034	0.18114582389595113		glm_model_factor	1.7893081212999323e-13		1.7893081212999323e-13	0.16342532411055932	0.4577732952757183	0.294347971165159
DECR1_chr8_90044931	65		glm_model_factor	8.838354768500897e-17		8.838354768500897e-17	2.2452915034618017e-4	0.22137135983194814	0.22114683068160196		NA	NA	NA	NA	NA	NA	NA		glm_model_factor	3.9270913149660425e-06		3.9270913149660425e-06	0.056087707946418784	0.1806096735611638	0.12452196561474502		NA	NA	NA	NA	NA	NA	NA		glm_model_factor	3.462174016880991e-17		3.462174016880991e-17	0.028244917109952663	0.19691434806947755	0.16866943095952489		NA	NA	NA	NA	NA	NA	NA
DHCR24_chr1_54851248	66		glm_model_factor	6.423307547409794e-4		6.423307547409794e-4	0.004766859272732007	0.056324569480092124	0.051557710207360115		glm_model_factor	9.148349943775648e-11		9.148349943775648e-11	0.011536680532485692	0.2947498228553731	0.2832131423228874		glm_model_factor	6.427422707359078e-5		6.427422707359078e-5	0.05193130895479745	0.16056925571649278	0.10863794676169533		NA	NA	NA	NA	NA	NA	NA		glm_model_factor	1.3298619282940485e-10		1.3298619282940485e-10	0.029021206610287932	0.10816572298355026	0.07914451637326234		glm_model_factor	1.460480678689049e-6		1.460480678689049e-6	0.07731958514569533	0.3085966017208993	0.231277016575204
HDAC6_chrX_48823353	65		glm_model_factor	1.07969233410305e-13		1.07969233410305e-13	0.14132426163312825	0.1995905270719755	0.05826626543884725		glm_model_factor	5.756790106895903e-12		5.756790106895903e-12	0.05937410812901803	0.6256250745407708	0.5662509664117528		glm_model_factor	1.2419185350955874e-4		1.2419185350955874e-4	0.1289975090031967	0.28213172354117616	0.15313421453797946		NA	NA	NA	NA	NA	NA	NA		glm_model_factor	1.5220577396122456e-25		1.5220577396122456e-25	0.133666588001298	0.24082906856252354	0.10716248056122554		glm_model_factor	2.911601667812014e-9		2.911601667812014e-9	0.18191834802786308	0.5461636245238839	0.3642452764960208
HEXA_chr15_72344047	66		glm_model_factor	3.723268085568517e-10		3.723268085568517e-10	0.002582545625751046	0.08775670065399331	0.08517415502824227		NA	NA	NA	NA	NA	NA	NA		NA	NA	NA	NA	NA	NA	NA		glm_model_factor	1.4607408044344701e-6		1.4607408044344701e-6	0.12728217041617743	0.2984861946695257	0.17120402425334827		glm_model_factor	2.542599860155131e-7		2.542599860155131e-7	0.028691149740355346	0.09939067278206962	0.07069952304171427		glm_model_factor	2.8259681761687165e-7		2.8259681761687165e-7	0.06434220579207398	0.15648238200052692	0.09214017620845294
IGF2BP1_chr17_49043468	65		glm_model_factor	3.97478139056719e-8		3.97478139056719e-8	0.0306242856916749	0.14858066512772503	0.11795637943605013		glm_model_factor	0.012959254217800248		0.012959254217800248	0.1505888555337882	0.31332627332535534	0.16273741779156714		glm_model_factor	6.588611194861348e-5		6.588611194861348e-5	0.10209255201645892	0.2526657208439557	0.1505731688274968		glm_model_factor	9.210655459465121e-5		9.210655459465121e-5	0.26814260718285293	0.39767926967050554	0.1295366624876526		glm_model_factor	3.945292906058869e-13		3.945292906058869e-13	0.06582957895661372	0.20055629619454934	0.1347267172379356		glm_model_factor	0.012167731333777639		0.012167731333777639	0.21004830965097865	0.3555027714979304	0.14545446184695177
MACF1_chr1_39388333	65		glm_model_factor	4.260886747532639e-4		4.260886747532639e-4	2.3133448821951335e-4	0.2127308345783879	0.21249950009016838		glm_model_factor	4.784288284344145e-16		4.784288284344145e-16	-0.0037149595495863316	0.1006594856395519	0.10437444518913824		NA	NA	NA	NA	NA	NA	NA		NA	NA	NA	NA	NA	NA	NA		glm_model_factor	0.0021561606363860977		0.0021561606363860977	0.06594178119164827	0.1806686554892918	0.11472687429764354		NA	NA	NA	NA	NA	NA	NA
NEK6_chr9_124312596	65		glm_model_factor	0.008322445507315004		0.008322445507315004	0.070821829074468	0.25242744629528385	0.18160561722081586		glm_model_factor	1.3431223888933094e-20		1.3431223888933094e-20	-0.0011277359906798731	0.28367789833832513	0.284805634329005		NA	NA	NA	NA	NA	NA	NA		glm_model_factor	0.006811674325503669		0.006811674325503669	0.2432018278312258	0.2939697078749152	0.05076788004368943		NA	NA	NA	NA	NA	NA	NA		NA	NA	NA	NA	NA	NA	NA
PFKP_chr10_3112271	65		glm_model_factor	4.1732520754685866e-13		4.1732520754685866e-13	0.030877644313810373	0.2752060351384201	0.24432839082460975		glm_model_factor	7.69282364897553e-95		7.69282364897553e-95	-0.04781843210927904	0.4820014168074593	0.5298198489167383		NA	NA	NA	NA	NA	NA	NA		NA	NA	NA	NA	NA	NA	NA		glm_model_factor	7.959974439278211e-5		7.959974439278211e-5	0.1840863599116149	0.317309656263664	0.13322329635204908		glm_model_factor	7.921494991653872e-17		7.921494991653872e-17	0.212739387478949	0.4561343819679622	0.2433949944890132
PMS2_chr7_5971345	66		glm_model_factor	7.674116756124568e-8		7.674116756124568e-8	0.0954758132016976	0.3872541749183861	0.2917783617166885		glm_model_factor	0.001540487947219479		0.001540487947219479	0.10191729553904345	0.40674347619752954	0.3048261806584861		glm_model_factor	0.0029642942750909185		0.0029642942750909185	0.14292808491253162	0.27406462161173406	0.13113653669920244		NA	NA	NA	NA	NA	NA	NA		glm_model_factor	7.669172161388644e-10		7.669172161388644e-10	0.11916632641607851	0.33038212095725883	0.21121579454118034		NA	NA	NA	NA	NA	NA	NA
PSPH_chr7_56051175	66		glm_model_factor	5.877002246373223e-6		5.877002246373223e-6	0.008958869402902917	0.20101460920985115	0.19205573980694823		glm_model_factor	3.2435422760136665e-9		3.2435422760136665e-9	-0.005552136523946442	0.2706601370281963	0.27621227355214273		NA	NA	NA	NA	NA	NA	NA		NA	NA	NA	NA	NA	NA	NA		glm_model_factor	2.2928982979676038e-5		2.2928982979676038e-5	0.0570172568088778	0.2037452161911458	0.14672795938226801		glm_model_factor	0.0024255319113561553		0.0024255319113561553	0.13875738543335606	0.3589909548393777	0.22023356940602165
RHBDD2_chr7_75888787	65		glm_model_factor	0.0039307796316686945		0.0039307796316686945	0.14047645869228637	0.2925100914392345	0.15203363274694814		glm_model_factor	5.553333742605293e-17		5.553333742605293e-17	0.21024531409824643	0.5373822816691891	0.3271369675709427		glm_model_factor	2.3102899730861976e-11		2.3102899730861976e-11	0.15183442248803664	0.30772115615687134	0.1558867336688347		NA	NA	NA	NA	NA	NA	NA		glm_model_factor	2.913546279302229e-26		2.913546279302229e-26	0.14495918111662798	0.29960373450845046	0.15464455339182248		NA	NA	NA	NA	NA	NA	NA
UBFD1_chr16_23573342	65		glm_model_factor	5.261295683724438e-16		5.261295683724438e-16	-0.00353353378411856	0.11865690803480196	0.12219044181892053		glm_model_factor	0.0010209820826013705		0.0010209820826013705	0.044427834873179	0.27291939140298266	0.22849155652980366		NA	NA	NA	NA	NA	NA	NA		NA	NA	NA	NA	NA	NA	NA		glm_model_factor	2.9061022164095494e-16		2.9061022164095494e-16	0.04636848927546524	0.18106987399655722	0.13470138472109197		glm_model_factor	0.0154491535098082		0.0154491535098082	0.16747361226099985	0.33119958130525495	0.1637259690442551
ZNF74_chr22_20405560	65		glm_model_factor	4.24451703601642e-5		4.24451703601642e-5	0.07893842602322153	0.31023860836567796	0.23130018234245642		glm_model_factor	7.037182024825035e-57		7.037182024825035e-57	0.05259249646819903	0.35499290280682994	0.3024004063386309		glm_model_factor	0.005098945027345567		0.005098945027345567	0.13745522408542832	0.3006409036332802	0.1631856795478519		NA	NA	NA	NA	NA	NA	NA		glm_model_factor	8.855615388551809e-7		8.855615388551809e-7	0.10810960520566137	0.3052395427318884	0.19712993752622704		glm_model_factor	5.414332811246889e-25		5.414332811246889e-25	0.1606918360156453	0.39632863731723306	0.23563680130158776
PGRMC1_chrX_119243975	65		glm_model_factor	0.04082120245644558		0.04082120245644558	-0.0019380575080873725	0.11563087651890405	0.11756893402699142		glm_model_factor	1.965289383577639e-14		1.965289383577639e-14	3.0416187091975716e-4	0.45185582237469024	0.4515516605037705		NA	NA	NA	NA	NA	NA	NA		NA	NA	NA	NA	NA	NA	NA		glm_model_factor	0.021262737624016693		0.021262737624016693	0.0563029303392701	0.10773993513866703	0.05143700479939693		glm_model_factor	1.749782308189745e-5		1.749782308189745e-5	0.07273065468985228	0.3311070941841185	0.2583764394942662
AGPAT5_chr8_6758246	65		NA	NA	NA	NA	NA	NA	NA		glm_model_factor	0.018543229649455168		0.018543229649455168	0.004880000099538535	0.14236485736485746	0.13748485726531892		NA	NA	NA	NA	NA	NA	NA		NA	NA	NA	NA	NA	NA	NA		NA	NA	NA	NA	NA	NA	NA		NA	NA	NA	NA	NA	NA	NA
AMFR_chr16_56362360	65		NA	NA	NA	NA	NA	NA	NA		glm_model_factor	8.883227057408765e-17		8.883227057408765e-17	0.03923859376345983	0.2660056433773745	0.22676704961391464		NA	NA	NA	NA	NA	NA	NA		NA	NA	NA	NA	NA	NA	NA		NA	NA	NA	NA	NA	NA	NA		NA	NA	NA	NA	NA	NA	NA
ATP5MJ_chr14_103912536	66		NA	NA	NA	NA	NA	NA	NA		glm_model_factor	1.8391177247994802e-5		1.8391177247994802e-5	7.232052633214482e-5	0.05433141000581387	0.05425908947948172		NA	NA	NA	NA	NA	NA	NA		NA	NA	NA	NA	NA	NA	NA		NA	NA	NA	NA	NA	NA	NA		NA	NA	NA	NA	NA	NA	NA
BCL2L2.BCL2L2-PABPN1_chr14_23307820	65		NA	NA	NA	NA	NA	NA	NA		glm_model_factor	0.009251699601015174		0.009251699601015174	0.18238430577087628	0.4724065830283462	0.29002227725746993		glm_model_factor	0.008756972928136295		0.008756972928136295	0.14896459710238036	0.3606153904946636	0.21165079339228327		NA	NA	NA	NA	NA	NA	NA		NA	NA	NA	NA	NA	NA	NA		NA	NA	NA	NA	NA	NA	NA
CDC25B_chr20_3803163	65		NA	NA	NA	NA	NA	NA	NA		glm_model_factor	7.234363843726493e-10		7.234363843726493e-10	-0.002758452645022515	0.15508106600457527	0.15783951864959778		NA	NA	NA	NA	NA	NA	NA		NA	NA	NA	NA	NA	NA	NA		NA	NA	NA	NA	NA	NA	NA		NA	NA	NA	NA	NA	NA	NA
CHD8_chr14_21428217	66		NA	NA	NA	NA	NA	NA	NA		glm_model_factor	0.0017259919395409468		0.0017259919395409468	0.05307062942179381	0.15534696065837805	0.10227633123658425		NA	NA	NA	NA	NA	NA	NA		NA	NA	NA	NA	NA	NA	NA		NA	NA	NA	NA	NA	NA	NA		NA	NA	NA	NA	NA	NA	NA
CHMP3_chr2_86504704	66		NA	NA	NA	NA	NA	NA	NA		glm_model_factor	3.3579778863769254e-5		3.3579778863769254e-5	-0.0039036779401570784	0.15932187920209928	0.16322555714225637		glm_model_factor	0.04877523869631833		0.04877523869631833	0.018503788488885977	0.09520988324360655	0.07670609475472057		NA	NA	NA	NA	NA	NA	NA		NA	NA	NA	NA	NA	NA	NA		NA	NA	NA	NA	NA	NA	NA
CRELD1_chr3_9944596	65		NA	NA	NA	NA	NA	NA	NA		glm_model_factor	1.9842204686420727e-5		1.9842204686420727e-5	0.02457023472660322	0.17829117446714415	0.15372093974054094		glm_model_factor	6.572797729644196e-36		6.572797729644196e-36	0.03061756189366068	0.1463301895723051	0.1157126276786444		glm_model_factor	4.985272324911497e-11		4.985272324911497e-11	0.12450704192037407	0.2792384931827326	0.15473145126235852		NA	NA	NA	NA	NA	NA	NA		glm_model_factor	1.9711036311616838e-5		1.9711036311616838e-5	0.07500812310154326	0.2287648338249383	0.15375671072339506
DCTN1_chr2_74369480	66		NA	NA	NA	NA	NA	NA	NA		glm_model_factor	4.534231541082494e-4		4.534231541082494e-4	-2.2279650122339334e-4	0.08650055077983851	0.0867233472810619		NA	NA	NA	NA	NA	NA	NA		NA	NA	NA	NA	NA	NA	NA		NA	NA	NA	NA	NA	NA	NA		NA	NA	NA	NA	NA	NA	NA
EIF3F_chr11_7996052	65		NA	NA	NA	NA	NA	NA	NA		glm_model_factor	0.018190542482409082		0.018190542482409082	-0.0023556558195083517	0.1887042584400159	0.19105991425952426		NA	NA	NA	NA	NA	NA	NA		glm_model_factor	0.003511858754423664		0.003511858754423664	0.07177160453995386	0.25536174285699237	0.18359013831703852		NA	NA	NA	NA	NA	NA	NA		glm_model_factor	0.009387952427136794		0.009387952427136794	0.04204898672353232	0.22203300064850412	0.1799840139249718
EIF5_chr14_103342863	66		NA	NA	NA	NA	NA	NA	NA		glm_model_factor	2.097089989191109e-8		2.097089989191109e-8	-0.003785130905232466	0.3837824860178332	0.3875676169230657		NA	NA	NA	NA	NA	NA	NA		NA	NA	NA	NA	NA	NA	NA		NA	NA	NA	NA	NA	NA	NA		glm_model_factor	0.04051350157222948		0.04051350157222948	0.14332138799211783	0.4114965482534485	0.2681751602613307
FAM72D_chr1_145103018	65		NA	NA	NA	NA	NA	NA	NA		glm_model_factor	9.851610640462306e-4		9.851610640462306e-4	-0.002252252252252253	0.08	0.08225225225225226		NA	NA	NA	NA	NA	NA	NA		NA	NA	NA	NA	NA	NA	NA		NA	NA	NA	NA	NA	NA	NA		NA	NA	NA	NA	NA	NA	NA
GHITM_chr10_84141542	65		NA	NA	NA	NA	NA	NA	NA		glm_model_factor	6.860298089629658e-5		6.860298089629658e-5	0.22295773347920836	0.4150314702168769	0.19207373673766856		glm_model_factor	0.001368680530137548		0.001368680530137548	0.08529854635512865	0.1862762863824592	0.10097774002733054		glm_model_factor	0.004323715419012614		0.004323715419012614	0.24292798619837228	0.4533795299742983	0.21045154377592604		glm_model_factor	2.3052666807525268e-5		2.3052666807525268e-5	0.044553706623026025	0.1038344013661149	0.05928069474308887		glm_model_factor	3.282755573092819e-5		3.282755573092819e-5	0.2325403403584493	0.4342055000955876	0.2016651597371383
HP1BP3_chr1_20744168	66		NA	NA	NA	NA	NA	NA	NA		glm_model_factor	0.0457634548907846		0.0457634548907846	0.25879764769336827	0.9412271287407704	0.6824294810474021		glm_model_factor	0.010781058670209665		0.010781058670209665	0.11379859335926636	0.29772410654278597	0.18392551318351963		NA	NA	NA	NA	NA	NA	NA		NA	NA	NA	NA	NA	NA	NA		NA	NA	NA	NA	NA	NA	NA
ILRUN_chr6_34589459	66		NA	NA	NA	NA	NA	NA	NA		glm_model_factor	1.2403624057240096e-10		1.2403624057240096e-10	-9.253238265031346e-4	0.5619019015658451	0.5628272253923482		NA	NA	NA	NA	NA	NA	NA		glm_model_factor	0.008898579645737006		0.008898579645737006	0.18556648461339012	0.414830407057353	0.2292639224439629		NA	NA	NA	NA	NA	NA	NA		glm_model_factor	2.457443265456224e-8		2.457443265456224e-8	0.11134376778254736	0.488366154311599	0.3770223865290517
IMMT_chr2_86179518	66		NA	NA	NA	NA	NA	NA	NA		glm_model_factor	1.8854091069351716e-4		1.8854091069351716e-4	-8.844844429845835e-4	0.18242195578029133	0.1833064402232759		NA	NA	NA	NA	NA	NA	NA		NA	NA	NA	NA	NA	NA	NA		NA	NA	NA	NA	NA	NA	NA		NA	NA	NA	NA	NA	NA	NA
INTS10_chr8_19851849	65		NA	NA	NA	NA	NA	NA	NA		glm_model_factor	2.933054311189697e-7		2.933054311189697e-7	0.12457133042053842	0.5937550825762086	0.46918375215567015		glm_model_factor	1.9862365221756274e-5		1.9862365221756274e-5	0.15290890976192337	0.30550636635257467	0.1525974565906513		glm_model_factor	0.009643598961754523		0.009643598961754523	0.3010624136802111	0.5147740011677817	0.21371158748757063		glm_model_factor	0.03479224987448246		0.03479224987448246	0.1303910809746063	0.2171709414644544	0.08677986048984809		glm_model_factor	5.1118821875671034e-8		5.1118821875671034e-8	0.22937826525008506	0.5542645418719951	0.32488627662191005
KIF3B_chr20_32333997	65		NA	NA	NA	NA	NA	NA	NA		glm_model_factor	1.5910385557921561e-9		1.5910385557921561e-9	0.0015240811412957408	0.2668404772476852	0.26531639610638946		glm_model_factor	0.0032686394784268665		0.0032686394784268665	0.030376625334541676	0.0976509798590848	0.06727435452454313		NA	NA	NA	NA	NA	NA	NA		NA	NA	NA	NA	NA	NA	NA		glm_model_factor	1.2671721315215027e-5		1.2671721315215027e-5	0.09739286639896765	0.2681622087104454	0.17076934231147772
KIF4A_chrX_70301974	65		NA	NA	NA	NA	NA	NA	NA		glm_model_factor	4.113512392240941e-18		4.113512392240941e-18	-0.007746877020639184	0.09192758696283386	0.09967446398347304		glm_model_factor	3.233256067936158e-8		3.233256067936158e-8	0.04512436174275937	0.14213037652233967	0.0970060147795803		NA	NA	NA	NA	NA	NA	NA		glm_model_factor	1.7372781083673265e-14		1.7372781083673265e-14	0.016647835229954586	0.06711485440932466	0.050467019179370076		glm_model_factor	5.136202258566333e-9		5.136202258566333e-9	0.12237277433895781	0.1878122749420875	0.06543950060312968
LARP4B_chr10_810246	66		NA	NA	NA	NA	NA	NA	NA		glm_model_factor	3.232902129586645e-4		3.232902129586645e-4	-0.00138888888888889	0.1623059236869977	0.16369481257588658		NA	NA	NA	NA	NA	NA	NA		NA	NA	NA	NA	NA	NA	NA		NA	NA	NA	NA	NA	NA	NA		NA	NA	NA	NA	NA	NA	NA
MSN_chrX_65740878	65		NA	NA	NA	NA	NA	NA	NA		glm_model_factor	0.017831813879078135		0.017831813879078135	0.1623427281067287	0.43641635857168987	0.27407363046496114		NA	NA	NA	NA	NA	NA	NA		glm_model_factor	0.0010373117329235374		0.0010373117329235374	0.19504121920502324	0.3783481713504471	0.1833069521454239		NA	NA	NA	NA	NA	NA	NA		glm_model_factor	1.422435870201524e-5		1.422435870201524e-5	0.17936591724473952	0.4073822649610685	0.22801634771632898
MXRA7_chr17_76680662	66		NA	NA	NA	NA	NA	NA	NA		glm_model_factor	5.977246104963868e-25		5.977246104963868e-25	-0.0028434751853647555	0.5516750044122405	0.5545184795976053		NA	NA	NA	NA	NA	NA	NA		glm_model_factor	2.396400347393962e-6		2.396400347393962e-6	0.11427623450044738	0.4257676181761678	0.31149138367572043		NA	NA	NA	NA	NA	NA	NA		glm_model_factor	2.1326420188287553e-20		2.1326420188287553e-20	0.05552756980235602	0.48872131129420415	0.43319374149184814
NCAPD2_chr12_6495089	65		NA	NA	NA	NA	NA	NA	NA		glm_model_factor	3.366283020093869e-16		3.366283020093869e-16	-0.0049297684781555735	0.44303645671990083	0.4479662251980564		NA	NA	NA	NA	NA	NA	NA		NA	NA	NA	NA	NA	NA	NA		NA	NA	NA	NA	NA	NA	NA		glm_model_factor	1.5821376279617226e-6		1.5821376279617226e-6	0.07193448115400079	0.38375583285071163	0.3118213516967108
NIBAN2_chr9_127506478	66		NA	NA	NA	NA	NA	NA	NA		glm_model_factor	2.41263198240722e-14		2.41263198240722e-14	0.273299105097493	0.4233401836525026	0.1500410785550096		NA	NA	NA	NA	NA	NA	NA		NA	NA	NA	NA	NA	NA	NA		NA	NA	NA	NA	NA	NA	NA		glm_model_factor	1.431686930803295e-12		1.431686930803295e-12	0.35698851788297936	0.42976215892243064	0.07277364103945128
PHACTR4_chr1_28496623	65		NA	NA	NA	NA	NA	NA	NA		glm_model_factor	1.6898990522629664e-20		1.6898990522629664e-20	-0.0123883079416545	0.20211027249493752	0.214498580436592		glm_model_factor	5.354667789577387e-6		5.354667789577387e-6	0.09460194107852463	0.29384500662635954	0.1992430655478349		glm_model_factor	0.0038908717797002503		0.0038908717797002503	0.2761015998573807	0.40906306794542957	0.13296146808804887		NA	NA	NA	NA	NA	NA	NA		glm_model_factor	7.923354008798191e-8		7.923354008798191e-8	0.2049775154754516	0.30558667022018354	0.10060915474473195
POGZ_chr1_151424066	66		NA	NA	NA	NA	NA	NA	NA		glm_model_factor	1.3442454688137139e-9		1.3442454688137139e-9	-7.114521732382367e-4	0.13354866500875878	0.134260117181997		NA	NA	NA	NA	NA	NA	NA		NA	NA	NA	NA	NA	NA	NA		NA	NA	NA	NA	NA	NA	NA		glm_model_factor	5.0983666785196765e-6		5.0983666785196765e-6	0.03330841938328616	0.21215396611070636	0.1788455467274202
PPP1R12B_chr1_202587327	65		NA	NA	NA	NA	NA	NA	NA		glm_model_factor	3.198922588282505e-26		3.198922588282505e-26	0.1915203488706041	0.24395894635908771	0.05243859748848362		NA	NA	NA	NA	NA	NA	NA		glm_model_factor	0.013141408027567886		0.013141408027567886	0.48237628883386263	0.6272675016357961	0.1448912128019335		NA	NA	NA	NA	NA	NA	NA		glm_model_factor	8.82515121162084e-12		8.82515121162084e-12	0.36656027848719996	0.43561322399744185	0.06905294551024188
PTPRA_chr20_3021373	65		NA	NA	NA	NA	NA	NA	NA		glm_model_factor	3.7628029652927395e-26		3.7628029652927395e-26	0.003260267071852077	0.2139164386902281	0.21065617161837602		glm_model_factor	8.149545067476993e-4		8.149545067476993e-4	0.044874941185334416	0.10350012757394417	0.05862518638860975		NA	NA	NA	NA	NA	NA	NA		NA	NA	NA	NA	NA	NA	NA		glm_model_factor	1.919021335823819e-7		1.919021335823819e-7	0.05915609008848477	0.22365598674600448	0.1644998966575197
RBM39P1_chrX_44030815	65		NA	NA	NA	NA	NA	NA	NA		glm_model_factor	1.3840427700196231e-36		1.3840427700196231e-36	-0.025860428279354815	0.028743046284527254	0.054603474563882065		NA	NA	NA	NA	NA	NA	NA		NA	NA	NA	NA	NA	NA	NA		NA	NA	NA	NA	NA	NA	NA		NA	NA	NA	NA	NA	NA	NA
RECQL_chr12_21501357	66		NA	NA	NA	NA	NA	NA	NA		glm_model_factor	4.699950482553505e-12		4.699950482553505e-12	0.03145807525070306	0.280606677903956	0.24914860265325295		glm_model_factor	1.3733095740025637e-4		1.3733095740025637e-4	0.047484192547042434	0.15218805765233853	0.1047038651052961		NA	NA	NA	NA	NA	NA	NA		glm_model_factor	5.923760102178373e-7		5.923760102178373e-7	0.04391366292968119	0.10823268528858025	0.06431902235889905		glm_model_factor	9.63892847124705e-10		9.63892847124705e-10	0.08623074507860017	0.27924955865309936	0.19301881357449918
SH3BP5L_chr1_248824868	66		NA	NA	NA	NA	NA	NA	NA		glm_model_factor	2.0013054397811075e-30		2.0013054397811075e-30	0.026416946318583774	0.6556444428350434	0.6292274965164596		glm_model_factor	0.014473672412767992		0.014473672412767992	0.14799981198497578	0.3137445111112808	0.16574469912630505		NA	NA	NA	NA	NA	NA	NA		glm_model_factor	1.874383569875846e-32		1.874383569875846e-32	0.2055098762419626	0.2596346108695797	0.05412473462761708		glm_model_factor	1.3601030375365516e-6		1.3601030375365516e-6	0.23454762693243744	0.5730747327166399	0.3385271057842024
SLC11A2_chr12_50990886	66		NA	NA	NA	NA	NA	NA	NA		glm_model_factor	2.82764863154314e-15		2.82764863154314e-15	-0.0014319005365304933	0.392207395555605	0.3936392960921355		glm_model_factor	0.011029245396604265		0.011029245396604265	0.016131965545035876	0.09325029663195263	0.07711833108691675		glm_model_factor	0.03273982617010614		0.03273982617010614	0.07378693378465195	0.19639632128471338	0.12260938750006142		NA	NA	NA	NA	NA	NA	NA		glm_model_factor	2.6406303301412823e-7		2.6406303301412823e-7	0.03607013080948502	0.29430185842015916	0.25823172761067414
TATDN3_chr1_212807781	65		NA	NA	NA	NA	NA	NA	NA		glm_model_factor	8.94140744039274e-4		8.94140744039274e-4	-0.0016920473773265668	0.14024419702591906	0.14193624440324562		NA	NA	NA	NA	NA	NA	NA		NA	NA	NA	NA	NA	NA	NA		NA	NA	NA	NA	NA	NA	NA		NA	NA	NA	NA	NA	NA	NA
TMEM222_chr1_27335748	65		NA	NA	NA	NA	NA	NA	NA		glm_model_factor	4.366131163010779e-34		4.366131163010779e-34	0.08572327037137559	0.18981342281371108	0.10409015244233549		glm_model_factor	1.1873463083696011e-09		1.1873463083696011e-09	0.013541070187514763	0.09060253052227557	0.0770614603347608		glm_model_factor	7.447103204228266e-6		7.447103204228266e-6	0.13607657513409172	0.2481956003794605	0.11211902524536879		glm_model_factor	1.7097831591149624e-32		1.7097831591149624e-32	0.0014425752905243422	0.0596448887971917	0.05820231350666736		glm_model_factor	7.088348362140424e-15		7.088348362140424e-15	0.11575006128793658	0.2190045115965858	0.10325445030864921
TSEN15_chr1_184054755	65		NA	NA	NA	NA	NA	NA	NA		glm_model_factor	1.02827182324639e-11		1.02827182324639e-11	-0.006657543069198529	0.5107583403420246	0.5174158834112231		NA	NA	NA	NA	NA	NA	NA		glm_model_factor	0.007570932216094963		0.007570932216094963	0.14067707965264659	0.3091063734491192	0.1684292937964726		NA	NA	NA	NA	NA	NA	NA		glm_model_factor	1.1529155772222056e-7		1.1529155772222056e-7	0.08030003080896593	0.36005199456770703	0.2797519637587411
TXNRD1_chr12_104348936	65		NA	NA	NA	NA	NA	NA	NA		glm_model_factor	3.717262590169685e-8		3.717262590169685e-8	-8.144367901434853e-4	0.07463374885218142	0.0754481856423249		glm_model_factor	3.6602707646029936e-13		3.6602707646029936e-13	0.0012755046808817297	0.07125099219829799	0.06997548751741625		glm_model_factor	0.010069661507439353		0.010069661507439353	0.07150249669509101	0.13131969721850187	0.05981720052341086		NA	NA	NA	NA	NA	NA	NA		glm_model_factor	5.555775426740999e-11		5.555775426740999e-11	0.03531752897857014	0.10297672303534164	0.0676591940567715
YES1_chr18_736888	66		NA	NA	NA	NA	NA	NA	NA		glm_model_factor	8.559613197964481e-5		8.559613197964481e-5	0.0023641346302300447	0.07608094788775141	0.07371681325752137		glm_model_factor	0.00432446052469473		0.00432446052469473	0.010897748877397789	0.07410152326186618	0.06320377438446839		NA	NA	NA	NA	NA	NA	NA		NA	NA	NA	NA	NA	NA	NA		NA	NA	NA	NA	NA	NA	NA
SMG1_chr16_18829331	66		NA	NA	NA	NA	NA	NA	NA		glm_model_factor	6.011730321594908e-22		6.011730321594908e-22	0.010227107809734395	0.45408754684873	0.4438604390389956		NA	NA	NA	NA	NA	NA	NA		glm_model_factor	9.929264587241018e-6		9.929264587241018e-6	0.0761510851015563	0.36137965109821935	0.285228565996663		NA	NA	NA	NA	NA	NA	NA		glm_model_factor	1.399326798442979e-29		1.399326798442979e-29	0.06952927113601645	0.39870299746996823	0.3291737263339518
CCT2_chr12_69598339	65		NA	NA	NA	NA	NA	NA	NA		NA	NA	NA	NA	NA	NA	NA		glm_model_factor	0.027678453368698355		0.027678453368698355	0.04446748974008134	0.1126209430101213	0.06815345327003995		NA	NA	NA	NA	NA	NA	NA		NA	NA	NA	NA	NA	NA	NA		NA	NA	NA	NA	NA	NA	NA
CHP1_chr15_41280156	65		NA	NA	NA	NA	NA	NA	NA		NA	NA	NA	NA	NA	NA	NA		glm_model_factor	4.716888068737459e-5		4.716888068737459e-5	0.021854391498708416	0.10206309464031021	0.0802087031416018		glm_model_factor	1.2408354554068642e-5		1.2408354554068642e-5	0.05197941176362995	0.2131958192201714	0.16121640745654145		NA	NA	NA	NA	NA	NA	NA		glm_model_factor	3.846380604833876e-9		3.846380604833876e-9	0.023158298814757415	0.10415297309611458	0.08099467428135718
EML4_chr2_42329888	65		NA	NA	NA	NA	NA	NA	NA		NA	NA	NA	NA	NA	NA	NA		glm_model_factor	6.840671761790063e-5		6.840671761790063e-5	0.0645232116605987	0.3304488653638736	0.26592565370327487		NA	NA	NA	NA	NA	NA	NA		glm_model_factor	1.0947962992530403e-4		1.0947962992530403e-4	0.0318416403536842	0.24755132364084986	0.21570968328716567		NA	NA	NA	NA	NA	NA	NA
FKBP1B_chr2_24063441	65		NA	NA	NA	NA	NA	NA	NA		NA	NA	NA	NA	NA	NA	NA		glm_model_factor	0.03191032901937436		0.03191032901937436	0.023203706461289365	0.1432400240286771	0.12003631756738775		NA	NA	NA	NA	NA	NA	NA		glm_model_factor	2.507703842663375e-5		2.507703842663375e-5	0.011576568293980148	0.07096995288494018	0.05939338459096003		NA	NA	NA	NA	NA	NA	NA
LTA4H_chr12_96035551	66		NA	NA	NA	NA	NA	NA	NA		NA	NA	NA	NA	NA	NA	NA		glm_model_factor	3.0637117907468997e-4		3.0637117907468997e-4	0.0034176443928511722	0.06047310502900416	0.05705546063615299		NA	NA	NA	NA	NA	NA	NA		NA	NA	NA	NA	NA	NA	NA		glm_model_factor	1.219316376563295e-5		1.219316376563295e-5	0.02075474049750774	0.0758799979129333	0.055125257415425566
NFIA_chr1_61100043	66		NA	NA	NA	NA	NA	NA	NA		NA	NA	NA	NA	NA	NA	NA		glm_model_factor	7.714001335972346e-4		7.714001335972346e-4	0.010903717679476031	0.09915378063806415	0.08825006295858812		NA	NA	NA	NA	NA	NA	NA		glm_model_factor	5.140997191627136e-4		5.140997191627136e-4	0.00676238682563135	0.05872470045448678	0.05196231362885543		NA	NA	NA	NA	NA	NA	NA
UBE2J2_chr1_1254957	66		NA	NA	NA	NA	NA	NA	NA		NA	NA	NA	NA	NA	NA	NA		glm_model_factor	0.022627116719910863		0.022627116719910863	0.03619964080412541	0.10900177443830839	0.072802133634182975		NA	NA	NA	NA	NA	NA	NA		NA	NA	NA	NA	NA	NA	NA		NA	NA	NA	NA	NA	NA	NA
ACVR2B_chr3_38493029	65		NA	NA	NA	NA	NA	NA	NA		NA	NA	NA	NA	NA	NA	NA		NA	NA	NA	NA	NA	NA	NA		glm_model_factor	3.4740271238616283e-4		3.4740271238616283e-4	0.10142391209521648	0.4363451441699199	0.33492123207470337		glm_model_factor	0.010993530393714314		0.010993530393714314	0.03393025193971187	0.32758164692705416	0.2936513949873423		glm_model_factor	1.7885639547376204e-05		1.7885639547376204e-05	0.10115063210851051	0.5467110762023528	0.4455604440938423
ARF3_chr12_48938164	66		NA	NA	NA	NA	NA	NA	NA		NA	NA	NA	NA	NA	NA	NA		NA	NA	NA	NA	NA	NA	NA		glm_model_factor	0.002456525681862175		0.002456525681862175	0.19200020289549244	0.39073725428803924	0.1987370513925468		NA	NA	NA	NA	NA	NA	NA		glm_model_factor	0.006667245117722146		0.006667245117722146	0.11531143157456972	0.30329357209187685	0.18798214051730713
FNDC3B_chr3_172214085	66		NA	NA	NA	NA	NA	NA	NA		NA	NA	NA	NA	NA	NA	NA		NA	NA	NA	NA	NA	NA	NA		NA	NA	NA	NA	NA	NA	NA		NA	NA	NA	NA	NA	NA	NA		glm_model_factor	0.035299892259444174		0.035299892259444174	0.0536614541452073	0.18389172275619775	0.13023026861099046
