chr	pos	gene	totalReads	A.count	C.count	G.count	T.count	Deletion.count	Insertion.count	reference	kmer	strand	delrate
chr1	1234082	ENSG00000176022.7	62	0	6	0	54	2	0	T	TTTAA	+	0.032258064516129
chr1	52606782	ENSG00000116157.6	50	0	47	0	1	2	0	T	TTTAA	+	0.04
chr1	156115257	ENSG00000160789.24	252	0	12	1	238	0	1	T	TTTAA	+	0
chr1	162528921	ENSG00000152332.16	58	2	6	0	49	1	0	T	TTTAA	+	0.0172413793103448
chr10	113166416	ENSG00000148737.18	78	2	3	0	68	1	4	T	TTTAA	+	0.0128205128205128
chr14	70032218	ENSG00000198732.11	23	1	1	0	21	0	0	T	TGTAG	+	0
chr16	89638247	ENSG00000015413.10	162	0	15	0	137	2	8	T	TTTAG	+	0.0123456790123457
chr17	28367371	ENSG00000273171.1, ENSG00000109072.14	320	0	0	0	318	1	1	T	TGTAG	-	0.003125
chr17	43140306	ENSG00000198496.12	33	0	33	0	0	0	0	T	TGTAA	+	0
chr19	6680208	ENSG00000125730.18	3496	31	41	11	3361	18	34	T	TGTAG	-	0.0051487414187643
chr19	17301510	ENSG00000127220.6	38	0	0	0	37	0	1	T	TGTAG	-	0
chr2	86505453	ENSG00000115561.16	148	0	79	0	54	14	1	T	TTTAG	-	0.0945945945945946
chr3	51704181	ENSG00000164081.13	197	0	18	1	173	4	1	T	TTTAG	+	0.0203045685279188
chr3	169764900	ENSG00000270141.3, ENSG00000277925.1	92	0	36	1	50	4	1	T	TCTAG	-	0.0434782608695652
chr4	51915593	ENSG00000109184.15	65	1	23	0	32	1	8	T	TTTAA	+	0.0153846153846154
chr5	60904838	ENSG00000049167.16	41	0	25	0	16	0	0	T	TATAG	-	0
chr8	19851849	ENSG00000104613.12	157	0	1	0	152	2	2	T	TGTAG	+	0.0127388535031847
chr1	1308718	ENSG00000169972.13	55	0	8	0	45	2	0	T	TTTAA	+	0.0363636363636364
chr1	43970190	ENSG00000132768.14	27	0	3	0	24	0	0	T	TTTAG	+	0
chr1	108692864	ENSG00000134186.12	26	0	7	0	18	1	0	T	TTTAA	+	0.0384615384615385
chr1	173864913	ENSG00000234741.10	35	0	1	0	33	1	0	T	TGTAA	-	0.0285714285714286
chr11	46428617	ENSG00000110497.15	164	1	146	0	4	13	0	T	TATAG	-	0.0792682926829268
chr12	45429485	ENSG00000177119.17	93	4	44	0	41	1	3	T	TGTAA	+	0.010752688172043
chr12	81078230	ENSG00000111058.8	90	0	24	3	61	2	0	T	TTTAG	+	0.0222222222222222
chr12	105173642	ENSG00000136044.12	32	0	2	0	29	1	0	T	TTTAA	-	0.03125
chr12	120095892	ENSG00000111737.12	124	0	62	0	60	2	0	T	TTTAA	-	0.0161290322580645
chr12	130876096	ENSG00000132341.12	2578	2	12	0	2438	8	118	T	TTTAA	+	0.00310318076027929
chr13	29513315	ENSG00000139514.13	40	0	2	0	37	1	0	T	TATAG	-	0.025
chr14	74060487	ENSG00000119711.13	61	0	61	0	0	0	0	T	TATAG	-	0
chr14	96385734	ENSG00000100744.15	61	0	56	0	0	5	0	T	TATAA	+	0.0819672131147541
chr15	24998031	ENSG00000214265.11, ENSG00000224078.15	15	0	15	0	0	0	0	T	TATAA	+	0
chr15	75899511	ENSG00000140367.12	46	0	45	0	0	1	0	T	TCTAA	+	0.0217391304347826
chr15	89317086	ENSG00000140525.20	55	2	10	0	40	1	2	T	TATAG	+	0.0181818181818182
chr16	23454756	ENSG00000260136.6	25	0	25	0	0	0	0	T	TGTAA	+	0
chr16	81711492	ENSG00000153815.18	313	0	239	2	42	0	30	T	TTTAG	+	0
chr17	75524632	ENSG00000182173.14	118	3	16	0	93	1	5	T	TTTAA	+	0.00847457627118644
chr17	81904461	ENSG00000185813.11	591	3	162	8	370	42	6	T	TTTAG	-	0.0710659898477157
chr19	1615400	ENSG00000071564.19	85	2	11	0	62	10	0	T	TTTAA	-	0.117647058823529
chr2	10127196	ENSG00000171848.16	500	0	0	0	494	2	4	T	TCTAA	+	0.004
chr2	20618260	ENSG00000118960.13	72	0	2	5	61	4	0	T	TATAG	-	0.0555555555555556
chr2	100996153	ENSG00000170485.17	61	1	18	0	42	0	0	T	TTTAG	+	0
chr2	172562253	ENSG00000152256.14	73	0	4	0	68	1	0	T	TTTAA	+	0.0136986301369863
chr2	215943003	ENSG00000118242.17	68	0	19	0	48	1	0	T	TGTAG	-	0.0147058823529412
chr2	241633431	ENSG00000176946.13	123	0	63	0	48	9	3	T	TCTAA	-	0.0731707317073171
chr20	50752935	ENSG00000124171.9	63	1	0	0	59	2	1	T	TTTAA	+	0.0317460317460317
chr3	50354037	ENSG00000114395.11, ENSG00000272104.1	53	0	18	0	34	0	1	T	TTTAG	+	0
chr3	73064011	ENSG00000163605.16	242	4	30	2	183	6	17	T	TATAA	+	0.0247933884297521
chr3	97947406	ENSG00000170854.18	115	0	7	0	104	4	0	T	TTTAA	-	0.0347826086956522
chr5	133019126	ENSG00000155329.12	26	0	1	0	25	0	0	T	TATAG	-	0
chr6	138091475	ENSG00000112378.12	398	0	348	1	22	22	5	T	TTTAG	-	0.0552763819095477
chr7	56054449	ENSG00000146731.11	599	0	2	1	591	4	1	T	TCTAA	+	0.00667779632721202
chr7	92113288	ENSG00000001630.18, ENSG00000285772.1, ENSG00000289027.1	343	1	208	1	126	4	3	T	TATAA	-	0.0116618075801749
chr9	33037112	ENSG00000086061.16	684	0	4	0	674	2	4	T	TTTAA	+	0.00292397660818713
chr9	120855951	ENSG00000119403.15	46	0	43	0	1	1	1	T	TATAG	-	0.0217391304347826
chr9	127813765	ENSG00000136877.15	98	0	9	0	89	0	0	T	TTTAA	+	0
chr9	128818642	ENSG00000167136.7	120	1	20	2	84	8	5	T	TTTAA	+	0.0666666666666667
chrM	6253	ENSG00000198804.2	10700	12	705	20	9555	328	80	T	TATAG	+	0.0306542056074766
chr1	1254957	ENSG00000160087.21	165	0	2	0	162	1	0	T	TGTAG	-	0.00606060606060606
chr11	4092507	ENSG00000167323.13	84	0	0	0	84	0	0	T	TGTAG	+	0
chr11	65503351	ENSG00000251562.11	21	0	0	0	21	0	0	T	TGTAG	+	0
chr12	125025556	ENSG00000184992.13	127	0	1	0	123	0	3	T	TGTAG	+	0
chr15	40767599	ENSG00000137880.6	332	0	4	2	321	5	0	T	TGTAG	+	0.0150602409638554
chr15	72344047	ENSG00000260729.1, ENSG00000213614.11	192	2	3	0	182	4	1	T	TGTAG	-	0.0208333333333333
chr19	2514817	ENSG00000176533.13	34	0	0	0	34	0	0	T	TGTAG	-	0
chr19	35279516	ENSG00000105698.16	304	3	7	1	290	3	0	T	TCTAG	+	0.00986842105263158
chr3	38493029	ENSG00000114739.14	49	1	1	0	47	0	0	T	TGTAG	+	0
chr7	75888787	ENSG00000005486.17	101	0	6	0	93	2	0	T	TGTAG	+	0.0198019801980198
chr1	22092496	ENSG00000289694.1, ENSG00000070831.18	448	3	8	0	429	5	3	T	TGTAG	+	0.0111607142857143
chr1	27335748	ENSG00000186501.15	83	1	0	0	81	0	1	T	TGTAG	+	0
chr12	50990886	ENSG00000110911.17	102	0	0	0	99	3	0	T	TGTAG	-	0.0294117647058824
chr12	121779004	ENSG00000139725.8	62	0	52	0	5	4	1	T	CCTAT	-	0.0645161290322581
chr14	104895759	ENSG00000099814.17	40	0	0	1	39	0	0	T	TGTAG	+	0
chr16	67154552	ENSG00000102871.16	57	1	29	0	20	5	2	T	ACTCC	-	0.087719298245614
chr19	19654662	ENSG00000105726.17	23	0	0	0	23	0	0	T	TGTAG	-	0
chr20	36593664	ENSG00000118707.11, ENSG00000259399.1	178	0	0	0	178	0	0	T	TGTAG	+	0
chr22	35424407	ENSG00000100297.16	294	1	2	1	283	5	2	T	TGTAG	+	0.0170068027210884
chr4	83269878	ENSG00000173085.15	62	0	26	0	31	5	0	T	GATAC	-	0.0806451612903226
chr6	10759464	ENSG00000137210.14, ENSG00000272162.1	47	0	0	0	47	0	0	T	TGTAG	+	0
chr7	4997057	ENSG00000196204.12, ENSG00000272968.5, ENSG00000288633.1	46	0	0	0	46	0	0	T	TGTAG	+	0
chr1	6185970	ENSG00000285629.1, ENSG00000116251.11	384	0	5	0	367	10	2	T	TGTAG	-	0.0260416666666667
chr1	8861371	ENSG00000074800.16	8666	20	40	17	8397	76	116	T	CCTTG	-	0.00876990537733672
chr1	28594942	ENSG00000188060.8	60	0	9	0	50	1	0	T	GATTC	+	0.0166666666666667
chr1	37997380	ENSG00000183386.10	42	0	9	0	27	6	0	T	TTTCC	-	0.142857142857143
chr1	145103018	ENSG00000215784.6	19	0	0	0	19	0	0	T	TGTAG	+	0
chr1	161171614	ENSG00000158850.15	121	0	2	0	117	1	1	T	TGTAG	-	0.00826446280991736
chr10	32056210	ENSG00000170759.11	33	0	11	0	18	4	0	T	GCTGC	-	0.121212121212121
chr11	16756617	ENSG00000110696.10	81	1	2	0	76	2	0	T	TGTAG	+	0.0246913580246914
chr11	60923252	ENSG00000110108.10	58	2	1	0	54	1	0	T	TCTAG	+	0.0172413793103448
chr11	65613454	ENSG00000173327.8	46	4	3	0	31	7	1	T	TCTCG	-	0.152173913043478
chr11	125676106	ENSG00000149554.15	28	2	12	0	14	0	0	T	TTTCA	+	0
chr12	24815815	ENSG00000060982.15	41	0	37	0	3	1	0	T	TGTGG	-	0.024390243902439
chr12	42087618	ENSG00000151233.11	44	0	12	0	32	0	0	T	GTTAA	-	0
chr12	48938164	ENSG00000272822.2, ENSG00000134287.10	51	1	0	0	49	1	0	T	TCTAG	-	0.0196078431372549
chr12	50144032	ENSG00000139624.14	41	1	22	0	18	0	0	T	TCTGT	-	0
chr12	57820227	ENSG00000175215.11	182	0	0	0	180	1	1	T	TGTAG	-	0.0054945054945055
chr12	79589064	ENSG00000177425.11	28	0	0	0	28	0	0	T	TATAG	-	0
chr13	26212948	ENSG00000127870.17	79	0	43	0	35	0	1	T	AGTTT	-	0
chr13	45391131	ENSG00000170919.16	30	0	0	0	30	0	0	T	CGTCG	+	0
chr13	114234990	ENSG00000130177.16	22	0	16	0	5	1	0	T	GCTGC	+	0.0454545454545455
chr13	114265239	ENSG00000130177.16	86	0	53	0	33	0	0	T	ATTGG	+	0
chr14	22830077	ENSG00000172590.18	932	4	440	1	450	21	16	T	CGTAG	+	0.0225321888412017
chr14	23307820	ENSG00000129473.11, ENSG00000258643.6	12	0	0	0	12	0	0	T	TGTAG	+	0
chr14	74071478	ENSG00000119711.13	40	0	1	0	39	0	0	T	TGTAG	-	0
chr14	104703381	ENSG00000203485.14	42	0	4	0	38	0	0	T	CTTAG	+	0
chr15	65330606	ENSG00000174498.14	111	0	7	0	79	24	1	T	CTTCA	-	0.216216216216216
chr15	67193224	ENSG00000166949.17	26	0	1	0	24	1	0	T	TCTAG	+	0.0384615384615385
chr15	101176860	ENSG00000131873.7	50	0	14	0	27	9	0	T	CCTCT	-	0.18
chr16	3024154	ENSG00000103145.11	52	0	1	0	47	1	3	T	ATTAA	-	0.0192307692307692
chr16	12663343	ENSG00000103381.12	42	0	2	0	39	1	0	T	CTTAC	-	0.0238095238095238
chr16	19121622	ENSG00000205730.7, ENSG00000261427.6	47	0	8	0	38	0	1	T	CTTGT	+	0
chr16	23573342	ENSG00000103353.16	230	16	2	0	209	2	1	T	TCTAG	+	0.00869565217391304
chr16	58519001	ENSG00000103037.12	47	0	3	0	42	2	0	T	CTTAC	+	0.0425531914893617
chr16	89532494	ENSG00000197912.16	66	5	5	1	50	3	2	T	TTTAA	+	0.0454545454545455
chr17	2384396	ENSG00000070444.15	39	3	2	0	32	1	1	T	CATCC	-	0.0256410256410256
chr17	7631689	ENSG00000129214.15	50	0	4	0	46	0	0	T	TGTAG	+	0
chr17	12998474	ENSG00000006744.19	75	1	33	1	28	11	1	T	CTTGG	-	0.146666666666667
chr17	18107480	ENSG00000108591.10	56	0	1	0	53	2	0	T	TGTAG	+	0.0357142857142857
chr17	28344969	ENSG00000109079.10	40	0	0	0	37	3	0	T	TGTAG	+	0.075
chr17	35724705	ENSG00000006125.18	95	0	1	0	94	0	0	T	TGTAG	+	0
chr17	42553239	ENSG00000266962.3	49	0	6	0	43	0	0	T	GATTT	-	0
chr17	49043468	ENSG00000159217.10	61	0	0	0	60	1	0	T	TGTAG	+	0.0163934426229508
chr17	63589825	ENSG00000136485.16, ENSG00000288894.1	20	0	0	0	20	0	0	T	TGTAG	+	0
chr17	75889753	ENSG00000141569.12	43	0	0	0	41	2	0	T	TGTAG	-	0.0465116279069768
chr18	20955231	ENSG00000067900.9	54	0	0	0	53	1	0	T	CGTTA	-	0.0185185185185185
chr18	31067436	ENSG00000134755.18	64	0	33	0	30	1	0	T	TATAT	-	0.015625
chr19	881573	ENSG00000175221.16	29	0	6	0	22	1	0	T	GTTCT	-	0.0344827586206897
chr19	1652373	ENSG00000071564.19	42	0	6	2	25	7	2	T	TTTGT	-	0.166666666666667
chr19	18928489	ENSG00000105671.12	131	0	51	0	70	8	2	T	GGTCC	+	0.0610687022900763
chr19	45297760	ENSG00000007047.16	44	0	23	0	20	1	0	T	CGTGG	+	0.0227272727272727
chr2	20248800	ENSG00000055917.17	104	1	58	0	38	5	2	T	ACTTC	-	0.0480769230769231
chr2	27664136	ENSG00000163798.14	34	1	0	0	33	0	0	T	TTTAG	+	0
chr2	46760934	ENSG00000222005.9, ENSG00000171150.9	60	0	44	0	15	1	0	T	AGTTG	+	0.0166666666666667
chr2	68180794	ENSG00000273398.6, ENSG00000221823.11	81	0	28	0	51	2	0	T	TGTAA	-	0.0246913580246914
chr2	119265196	ENSG00000115107.20	75	28	4	6	33	2	2	T	CCTGC	+	0.0266666666666667
chr2	135133877	ENSG00000115839.19	28	0	6	0	21	0	1	T	GTTCA	+	0
chr2	219571108	ENSG00000124006.15	48	0	0	0	46	1	1	T	TGTAG	-	0.0208333333333333
chr20	32437428	ENSG00000171456.22	101	5	33	0	53	2	8	T	TATAA	+	0.0198019801980198
chr3	9944596	ENSG00000288550.3, ENSG00000163703.20	63	0	0	0	61	0	2	T	TGTAG	+	0
chr3	52290479	ENSG00000168237.18	63	0	0	0	62	1	0	T	TGTAG	+	0.0158730158730159
chr3	180976795	ENSG00000114416.19	116	0	2	0	112	2	0	T	TGTAG	+	0.0172413793103448
chr4	88107235	ENSG00000118777.12	87	0	3	0	84	0	0	T	TATAG	-	0
chr5	10264707	ENSG00000150753.12	1315	0	0	1	1308	5	1	T	GATAT	+	0.00380228136882129
chr5	177604347	ENSG00000027847.14	41	0	17	0	24	0	0	T	CGTGC	+	0
chr5	177608963	ENSG00000027847.14	55	0	23	0	29	3	0	T	CATGA	+	0.0545454545454545
chr6	34589459	ENSG00000196821.10	34	0	0	0	34	0	0	T	TGTAG	-	0
chr6	52995869	ENSG00000202198.1, ENSG00000283293.1	16	0	0	0	16	0	0	T	TGTAG	+	0
chr6	53002271	ENSG00000112144.16	56	0	10	0	45	0	1	T	CGTTG	-	0
chr6	143829694	ENSG00000112419.15, ENSG00000257065.1	26	0	19	0	6	1	0	T	ATTAC	+	0.0384615384615385
chr7	6599948	ENSG00000146576.13	29	0	0	0	27	2	0	T	GATTC	+	0.0689655172413793
chr7	151238679	ENSG00000033100.17	78	0	6	0	69	2	1	T	CTTAG	+	0.0256410256410256
chr8	108248637	ENSG00000104408.11	1252	5	15	0	1205	17	10	T	CTTCT	-	0.0135782747603834
chr8	144450458	ENSG00000187954.14, ENSG00000291316.1	42	0	2	1	36	3	0	T	CATTG	-	0.0714285714285714
chr9	127451229	ENSG00000197958.13	19	0	5	0	13	1	0	T	CCTGC	-	0.0526315789473684
chrX	48823353	ENSG00000094631.22	43	0	0	0	42	1	0	T	TGTAG	+	0.0232558139534884
chrX	78126150	ENSG00000102144.15	2304	2	5	1	2286	7	3	T	ATTAT	+	0.00303819444444444
