"chr","pos","gene_name","motif","gene_strand","NreadsTC_test.rep2","NreadsTC_ctrl.rep2","mm.perc.rep2","ctrl.err.rep2","p.rep2","NreadsTC_test.rep3","NreadsTC_ctrl.rep3","mm.perc.rep3","ctrl.err.rep3","p.rep3","NreadsTC_test.rep4","NreadsTC_ctrl.rep4","mm.perc.rep4","ctrl.err.rep4","p.rep4","rep2","rep3","rep4","cmc","praise","bidseq","overlap"
"chr1",1254957,"ENSG00000160087.21","TGTAG","-",86,56,22.093023255814,5.35714285714286,1.18793747126038e-07,74,63,25.6756756756757,0,0,218,227,21.5596330275229,2.6431718061674,1.15866085808424e-28,1,1,1,NA,1,NA,4
"chr11",4092507,"ENSG00000167323.13","TGTAG","+",33,33,33.3333333333333,3.03030303030303,2.06318941391459e-09,35,29,42.8571428571429,10.3448275862069,7.08553167251664e-07,122,146,31.1475409836066,11.6438356164384,7.83092976807611e-09,1,1,1,NA,1,NA,4
"chr11",65503351,"ENSG00000251562.11","TGTAG","+",11,13,63.6363636363636,23.0769230769231,0.00469522374503848,NA,NA,NA,NA,NA,32,22,68.75,18.1818181818182,4.93893034054186e-10,1,NA,1,1,1,NA,4
"chr12",125025556,"ENSG00000184992.13","TGTAG","+",41,33,31.7073170731707,6.06060606060606,5.21847601825685e-07,14,15,28.5714285714286,6.66666666666667,0.0115002047438809,62,54,25.8064516129032,1.85185185185185,2.33156921063263e-14,1,1,1,NA,1,NA,4
"chr15",40767599,"ENSG00000137880.6","TGTAG","+",209,122,33.4928229665072,4.0983606557377,1.08486768774825e-43,90,62,42.2222222222222,4.83870967741935,2.99789903154392e-26,285,244,32.9824561403509,6.14754098360656,1.30745187370887e-42,1,1,1,NA,1,NA,4
"chr15",72344047,"ENSG00000260729.1, ENSG00000213614.11","TGTAG","-",106,72,22.6415094339623,2.77777777777778,1.89486952229141e-15,76,60,28.9473684210526,1.66666666666667,2.31977454866056e-21,251,287,21.5139442231076,3.13588850174216,4.74814912898392e-29,1,1,1,NA,NA,1,4
"chr19",2514817,"ENSG00000176533.13","TGTAG","-",13,15,23.0769230769231,6.66666666666667,0.051173365204623,15,11,33.3333333333333,9.09090909090909,0.00855782753760873,28,28,39.2857142857143,3.57142857142857,1.47201203134897e-09,1,1,1,NA,1,NA,4
"chr19",35279516,"ENSG00000105698.16","TCTAG","+",113,99,24.7787610619469,1.01010101010101,1.49693090105486e-30,130,96,24.6153846153846,0,0,318,311,27.6729559748428,3.85852090032154,7.59442868966899e-49,1,1,1,NA,1,NA,4
"chr3",38493029,"ENSG00000114739.14","TGTAG","+",15,11,40,0,0,31,28,54.8387096774194,3.57142857142857,4.10570164156842e-17,88,118,40.9090909090909,6.77966101694915,1.49878325974387e-19,1,1,1,NA,1,NA,4
"chr7",75888787,"ENSG00000005486.17","TGTAG","+",59,62,81.3559322033898,25.8064516129032,6.59053824666799e-19,65,40,90.7692307692308,40,1.37086985375362e-17,145,144,87.5862068965517,25.6944444444444,2.34388856114819e-55,1,1,1,NA,1,NA,4
"chr1",22092496,"ENSG00000289694.1, ENSG00000070831.18","TGTAG","+",135,95,32.5925925925926,3.15789473684211,4.06583019055251e-32,105,75,20.952380952381,1.33333333333333,4.71591982748046e-20,342,298,19.0058479532164,1.34228187919463,4.78588704799962e-53,1,1,1,NA,NA,NA,3
"chr1",27335748,"ENSG00000186501.15","TGTAG","+",58,37,15.5172413793103,0,0,58,41,20.6896551724138,4.8780487804878,1.97366471710279e-05,NA,NA,NA,NA,NA,1,1,NA,NA,1,NA,3
"chr12",50990886,"ENSG00000110911.17","TGTAG","-",NA,NA,NA,NA,NA,28,17,35.7142857142857,5.88235294117647,2.43086267662246e-06,71,67,30.9859154929577,1.49253731343284,4.12433907587292e-23,NA,1,1,NA,1,NA,3
"chr14",104895759,"ENSG00000099814.17","TGTAG","+",NA,NA,NA,NA,NA,26,17,46.1538461538462,11.7647058823529,1.36958152810752e-05,47,26,48.936170212766,11.5384615384615,2.6237458462099e-10,NA,1,1,NA,1,NA,3
"chr19",19654662,"ENSG00000105726.17","TGTAG","-",10,12,30,0,0,13,11,46.1538461538462,0,0,NA,NA,NA,NA,NA,1,1,NA,NA,1,NA,3
"chr20",36593664,"ENSG00000118707.11, ENSG00000259399.1","TGTAG","+",60,61,18.3333333333333,0,0,NA,NA,NA,NA,NA,256,234,17.96875,0.427350427350427,6.34061654183234e-59,1,NA,1,NA,1,NA,3
"chr22",35424407,"ENSG00000100297.16","TGTAG","+",97,75,29.8969072164948,1.33333333333333,7.62870285257361e-31,42,22,42.8571428571429,4.54545454545455,8.45136863401234e-14,225,123,36,6.50406504065041,2.04728385475847e-38,1,1,1,NA,NA,NA,3
"chr6",10759464,"ENSG00000137210.14, ENSG00000272162.1","TGTAG","+",17,15,29.4117647058824,6.66666666666667,0.0041319504307006,16,12,56.25,16.6666666666667,0.00036642868052319,47,38,53.1914893617021,10.5263157894737,5.13551219531289e-13,1,1,1,NA,NA,NA,3
"chr7",4997057,"ENSG00000196204.12, ENSG00000272968.5, ENSG00000288633.1","TGTAG","+",18,19,16.6666666666667,0,0,26,32,26.9230769230769,0,0,80,45,17.5,0,0,1,1,1,NA,NA,NA,3
"chr1",6185970,"ENSG00000285629.1, ENSG00000116251.11","TGTAG","-",134,119,18.6567164179104,1.68067226890756,6.54964092313026e-19,NA,NA,NA,NA,NA,NA,NA,NA,NA,NA,1,NA,NA,NA,1,NA,2
"chr1",145103018,"ENSG00000215784.6","TGTAG","+",NA,NA,NA,NA,NA,13,12,15.3846153846154,0,0,NA,NA,NA,NA,NA,NA,1,NA,NA,1,NA,2
"chr1",161171614,"ENSG00000158850.15","TGTAG","-",NA,NA,NA,NA,NA,60,61,20,4.91803278688525,3.06297956468477e-05,NA,NA,NA,NA,NA,NA,1,NA,NA,1,NA,2
"chr11",16756617,"ENSG00000110696.10","TGTAG","+",NA,NA,NA,NA,NA,NA,NA,NA,NA,NA,93,70,24.7311827956989,5.71428571428571,1.89292253672195e-09,NA,NA,1,NA,1,NA,2
"chr11",60923252,"ENSG00000110108.10","TCTAG","+",21,19,19.047619047619,0,0,NA,NA,NA,NA,NA,NA,NA,NA,NA,NA,1,NA,NA,NA,1,NA,2
"chr12",48938164,"ENSG00000272822.2, ENSG00000134287.10","TCTAG","-",NA,NA,NA,NA,NA,12,13,16.6666666666667,0,0,NA,NA,NA,NA,NA,NA,1,NA,NA,1,NA,2
"chr12",57820227,"ENSG00000175215.11","TGTAG","-",60,80,18.3333333333333,1.25,2.27075243888524e-10,NA,NA,NA,NA,NA,NA,NA,NA,NA,NA,1,NA,NA,NA,1,NA,2
"chr12",79589064,"ENSG00000177425.11","TATAG","-",NA,NA,NA,NA,NA,13,16,15.3846153846154,0,0,NA,NA,NA,NA,NA,NA,1,NA,NA,1,NA,2
"chr14",23307820,"ENSG00000129473.11, ENSG00000258643.6","TGTAG","+",NA,NA,NA,NA,NA,NA,NA,NA,NA,NA,20,23,35,4.34782608695652,1.37784920385881e-05,NA,NA,1,NA,1,NA,2
"chr14",74071478,"ENSG00000119711.13","TGTAG","-",18,11,83.3333333333333,18.1818181818182,3.65584339872725e-09,NA,NA,NA,NA,NA,30,31,53.3333333333333,9.67741935483871,2.2676055465246e-09,1,NA,1,NA,NA,NA,2
"chr15",67193224,"ENSG00000166949.17","TCTAG","+",NA,NA,NA,NA,NA,13,10,15.3846153846154,0,0,37,43,32.4324324324324,6.97674418604651,4.7071477785132e-06,NA,1,1,NA,NA,NA,2
"chr16",23573342,"ENSG00000103353.16","TCTAG","+",65,50,18.4615384615385,0,0,NA,NA,NA,NA,NA,NA,NA,NA,NA,NA,1,NA,NA,NA,1,NA,2
"chr16",89532494,"ENSG00000197912.16","TTTAA","+",14,17,42.8571428571429,23.5294117647059,0.0875439813545743,12,13,33.3333333333333,7.69230769230769,0.0104809690779856,NA,NA,NA,NA,NA,1,1,NA,NA,NA,NA,2
"chr17",7631689,"ENSG00000129214.15","TGTAG","+",25,21,48,23.8095238095238,0.00714477745080125,NA,NA,NA,NA,NA,38,34,47.3684210526316,14.7058823529412,1.75511914760852e-06,1,NA,1,NA,NA,NA,2
"chr17",18107480,"ENSG00000108591.10","TGTAG","+",NA,NA,NA,NA,NA,32,31,21.875,3.2258064516129,6.00496400434837e-05,NA,NA,NA,NA,NA,NA,1,NA,NA,1,NA,2
"chr17",28344969,"ENSG00000109079.10","TGTAG","+",25,19,16,0,0,NA,NA,NA,NA,NA,NA,NA,NA,NA,NA,1,NA,NA,NA,1,NA,2
"chr17",35724705,"ENSG00000006125.18","TGTAG","+",35,38,20,0,0,NA,NA,NA,NA,NA,NA,NA,NA,NA,NA,1,NA,NA,NA,1,NA,2
"chr17",49043468,"ENSG00000159217.10","TGTAG","+",NA,NA,NA,NA,NA,24,10,20.8333333333333,0,0,NA,NA,NA,NA,NA,NA,1,NA,NA,1,NA,2
"chr17",63589825,"ENSG00000136485.16, ENSG00000288894.1","TGTAG","+",NA,NA,NA,NA,NA,NA,NA,NA,NA,NA,10,21,20,0,0,NA,NA,1,NA,1,NA,2
"chr17",75889753,"ENSG00000141569.12","TGTAG","-",NA,NA,NA,NA,NA,12,13,16.6666666666667,0,0,NA,NA,NA,NA,NA,NA,1,NA,NA,1,NA,2
"chr2",27664136,"ENSG00000163798.14","TTTAG","+",NA,NA,NA,NA,NA,24,20,25,10,0.0276582844706978,39,51,17.9487179487179,1.96078431372549,9.87551889194755e-06,NA,1,1,NA,NA,NA,2
"chr2",68180794,"ENSG00000273398.6, ENSG00000221823.11","TGTAA","-",20,12,40,16.6666666666667,0.0112532846428743,24,18,25,0,0,NA,NA,NA,NA,NA,1,1,NA,NA,NA,NA,2
"chr2",219571108,"ENSG00000124006.15","TGTAG","-",NA,NA,NA,NA,NA,NA,NA,NA,NA,NA,101,124,22.7722772277228,0.806451612903226,1.24865190731685e-26,NA,NA,1,NA,1,NA,2
"chr20",32437428,"ENSG00000171456.22","TATAA","+",24,23,50,26.0869565217391,0.0103005122915106,21,26,57.1428571428571,23.0769230769231,0.000789613398823406,NA,NA,NA,NA,NA,1,1,NA,NA,NA,NA,2
"chr3",9944596,"ENSG00000288550.3, ENSG00000163703.20","TGTAG","+",24,33,20.8333333333333,0,0,NA,NA,NA,NA,NA,86,110,16.2790697674419,0,0,1,NA,1,NA,NA,NA,2
"chr3",52290479,"ENSG00000168237.18","TGTAG","+",27,27,25.9259259259259,7.40740740740741,0.00288933172587044,21,22,28.5714285714286,0,0,NA,NA,NA,NA,NA,1,1,NA,NA,NA,NA,2
"chr3",180976795,"ENSG00000114416.19","TGTAG","+",NA,NA,NA,NA,NA,NA,NA,NA,NA,NA,86,77,26.7441860465116,1.2987012987013,8.76715985005794e-24,NA,NA,1,NA,1,NA,2
"chr4",88107235,"ENSG00000118777.12","TATAG","-",NA,NA,NA,NA,NA,41,15,39.0243902439024,6.66666666666667,3.12090796276233e-09,88,41,26.1363636363636,4.8780487804878,2.64076559491257e-11,NA,1,1,NA,NA,NA,2
"chr6",34589459,"ENSG00000196821.10","TGTAG","-",NA,NA,NA,NA,NA,20,23,15,0,0,NA,NA,NA,NA,NA,NA,1,NA,NA,1,NA,2
"chr6",52995869,"ENSG00000202198.1, ENSG00000283293.1","TGTAG","+",14,16,21.4285714285714,6.25,0.0528885311581903,NA,NA,NA,NA,NA,NA,NA,NA,NA,NA,1,NA,NA,NA,1,NA,2
"chrX",48823353,"ENSG00000094631.22","TGTAG","+",NA,NA,NA,NA,NA,NA,NA,NA,NA,NA,48,75,25,1.33333333333333,1.40909086146045e-12,NA,NA,1,NA,1,NA,2
