"rna_name","pos_m60","pos_m59","pos_m58","pos_m57","pos_m56","pos_m55","pos_m54","pos_m53","pos_m52","pos_m51","pos_m50","pos_m49","pos_m48","pos_m47","pos_m46","pos_m45","pos_m44","pos_m43","pos_m42","pos_m41","pos_m40","pos_m39","pos_m38","pos_m37","pos_m36","pos_m35","pos_m34","pos_m33","pos_m32","pos_m31","pos_m30","pos_m29","pos_m28","pos_m27","pos_m26","pos_m25","pos_m24","pos_m23","pos_m22","pos_m21","pos_m20","pos_m19","pos_m18","pos_m17","pos_m16","pos_m15","pos_m14","pos_m13","pos_m12","pos_m11","pos_m10","pos_m9","pos_m8","pos_m7","pos_m6","pos_m5","pos_m4","pos_m3","pos_m2","pos_m1","pos_0","pos_1","pos_2","pos_3","pos_4","pos_5","pos_6","pos_7","pos_8","pos_9","pos_10","pos_11","pos_12","pos_13","pos_14","pos_15","pos_16","pos_17","pos_18","pos_19","pos_20","pos_21","pos_22","pos_23","pos_24","pos_25","pos_26","pos_27","pos_28","pos_29","pos_30","pos_31","pos_32","pos_33","pos_34","pos_35","pos_36","pos_37","pos_38","pos_39","pos_40","pos_41","pos_42","pos_43","pos_44","pos_45","pos_46","pos_47","pos_48","pos_49","pos_50","pos_51","pos_52","pos_53","pos_54","pos_55","pos_56","pos_57","pos_58","pos_59","pos_60"
"chr9_6420896-6421026(+)_dp.ps",0.881654798,0.944528127,0.986768587,0.995269342,0.99615268,0.996544475,0.998904515,0.9991041032,0.869748341,0.0002770816,9.212602e-05,0.0001539044,0.0001062227,0.8749200773,0.998020254,0.998344205,0.996058665,0.995213091,0.9933346,0.9868661372,0.981596899,0.93326255,0.806597895,0.0072300142,0.04748002,0.0675994408,0.08786985,0.9910285211,0.9992698761,0.997434941,0.960058801,0.972764001,0.859370412,0.973309434,0.978276821,0.8943895,0.0009542535,0.0610316429,0.4701266399,0.4618162437,0.0056166008,0.996685061,0.9949271679,0.996742295,0.9963117276,0.821162427,0.175227406,0.775986327,0.785903911,0.1110723068,0.9922331574,0.9947281358,0.9956391325,0.9535610356,0.951040311,0.98312638,0.049170725,0.046964129,0.002240577,8.81672e-05,0.0009169356,0.0006793476,0.9355567,0.9481693,0.99637871,0.99855288,0.99396043,0.94532895,0.6484336,0.669281663,0.6487907536,0.69219027,0.4855386814,0.4980055801,0.448450466,0.057613873,0.08921352,0.0909105329,0.6422376552,0.4409196984,0.4711501162,0.647690271,0.7667011,0.8692775,0.1285763848,0.03211222,0.035778353,0.2385039282,0.2436059,0.5414193138,0.277602707,0.041322467,0.1022531748,0.0108340779,0.086216225,0.132574279,0.024881451,0.2675641277,0.278465713,0.872314396,0.881640128,0.9863670556,0.981555225,0.776130864,0.8731435,0.994717226,0.9961070715,0.9969180919,0.9949585772,0.461142089,0.473808304,0.001150881,0.0610220751,0.89358906,0.895050345,0.973244269,0.944318695,0.44055311,0.532972421,0.960705816,0.996966786
"chr7_92226555-92226685(-)_dp.ps",0.964400824,0.017177585,0.977921749,0.98133611,0.975236133,0.852656554,0.006427816,0.0068925895,0.017535945,0.0917435662,0.09624232,0.0407796475,0.9184881022,0.9061474856,0.903753242,0.002813847,0.086403194,0.089463208,0.008041506,0.9851733963,0.995113492,0.98635639,0.939996089,0.943884165,0.922471317,0.8657226928,0.009269198,0.7731025644,0.8796498122,0.056272732,0.855235172,0.710297892,0.008315228,0.080620484,0.076985862,0.09557356,0.0245962353,0.0873747072,0.6952123847,0.8120571831,0.1819983356,0.82849095,0.6910642375,0.01523979,0.8611793947,0.900269935,0.96553533,0.966081976,0.018429929,0.0177791343,0.8690733061,0.9870177699,0.9901287325,0.9705478357,0.001349884,0.94572443,0.988709536,0.988786397,0.860084836,0.0270385356,0.0287553414,0.0345302771,0.01443824,0.01603944,0.012356542,0.04988491,0.12955225,0.07872716,0.04603158,0.0563748132,0.040979603,0.0256959933,0.0906964118,0.0780643202,0.092364197,0.058670886,0.99226366,0.996821426,0.9861793424,0.9872828221,0.9979725021,0.999967367,0.9999403,0.9995459,0.9995581973,0.9744696,0.018666599,0.7831161399,0.6436798,0.0105769498,0.003473226,0.002364157,0.0019229533,0.00683594,0.000326127,0.637082874,0.77209315,0.0002408703,0.004893677,0.964306751,0.998072083,0.9992405908,0.999642173,0.99968422,0.9995741,0.999592203,0.9969706103,0.9870306491,0.9673822648,0.029946704,0.571296041,0.754830226,0.8514242145,0.863936158,0.642921436,0.027556114,0.005794245,0.004827964,0.483563419,0.688452931,0.724289433
"chr5_134899790-134899920(+)_dp.ps",0.998173195,0.992323942,0.37183793,0.028186211,0.029821495,0.44928368,0.348174423,0.944709167,0.989835067,0.9986391228,0.9978728,0.9915851937,0.9616402581,0.9973578891,0.998845736,0.998630521,0.997411794,0.996161835,0.998785,0.9986940124,0.997662662,0.998231275,0.969173095,0.7695771636,0.164150331,0.1801815571,0.1042204,0.1143771012,0.0924428365,0.026797173,0.011368342,0.017014556,0.548574292,0.710291505,0.850363445,0.71332101,0.6405871277,0.2981515785,0.2558223645,0.0121097488,0.0066229051,0.003959182,0.0030692483,0.033090056,0.2924807543,0.39512639,0.36120991,0.377248467,0.295876858,0.0296219507,0.9140443119,0.9866908597,0.9946027446,0.9966963863,0.997849076,0.98566002,0.003487373,0.002982667,0.002099095,0.0014857575,0.0016621956,0.0014896271,0.983964,0.9966078,0.995591494,0.99395399,0.99857242,0.93137319,0.02530151,0.7283419949,0.9443684686,0.9809638724,0.960406813,0.3303160612,0.040866125,0.110607158,0.00116462,0.0012110921,0.5922075662,0.5928094275,0.5532505517,0.466680262,0.4151273,0.7526892,0.7869885711,0.7888278,0.717450511,0.2762634891,0.02136328,0.0307710972,0.05193259,0.08904329,0.0134569985,0.6832906897,0.971208052,0.999521336,0.998612785,0.9985886521,0.998662953,0.996041184,0.997309242,0.9985625636,0.998721415,0.997311966,0.0002047062,0.0151097,0.0002319177,0.0008108947,0.9465255514,0.990242431,0.996849144,0.997588499,0.9800916647,0.870808764,0.002299525,0.280808084,0.375841538,0.148868944,0.087455739,0.369801964,0.05644781
"chr7_98215307-98215437(+)_dp.ps",0.245873805,0.014967353,0.013823538,0.659463914,0.677639659,0.671329145,0.069144402,0.2323284222,0.16471943,0.0995008607,0.09598176,0.1532610249,0.1657033886,0.5352138519,0.618500534,0.747062333,0.290500313,0.424199326,0.7507716,0.6693333001,0.497682027,0.37013654,0.084731331,0.3236889192,0.411604312,0.4504921073,0.5379928,0.5983630105,0.44015101,0.110008449,0.23312826,0.191681273,0.107656872,0.32168913,0.342552571,0.74678553,0.7653692098,0.431737116,0.3194103866,0.5106685289,0.3417934965,0.093272086,0.116625918,0.148347147,0.3213420852,0.961552136,0.961450174,0.77850209,0.665691049,0.4112040341,0.7713820784,0.8894086838,0.9112889137,0.6812226709,0.682562668,0.63828593,0.618279062,0.535548177,0.064123281,0.004445671,0.3375149454,0.3076400442,0.8497088,0.6826408,0.980634205,0.98910576,0.96883096,0.47632544,0.1824631,0.0422633218,0.1272248778,0.116433568,0.0950775993,0.1024156719,0.017242974,0.886459173,0.96749276,0.9686762079,0.9147059886,0.4973379786,0.5375297547,0.88935908,0.8858143,0.04437351,0.031500808,0.03095762,0.029152854,0.0501211494,0.05793769,0.8902149125,0.96625167,0.966245725,0.9116180557,0.9568872659,0.954470841,0.934952013,0.524776178,0.1336816487,0.940659792,0.903016728,0.89385016,0.8849578245,0.795190753,0.044900575,0.1564153,0.128802971,0.2380532751,0.2019442843,0.6818667349,0.635843578,0.656272974,0.661248919,0.6732889436,0.663944219,0.601566281,0.457401313,0.11210976,0.314434874,0.348867303,0.269197418,0.291913288
"chr15_64365795-64365925(-)_dp.ps",0.126884691,0.138609886,0.129669432,0.134107867,0.100862686,0.052897,0.06335399,0.109261956,0.211171668,0.373979481,0.3290425,0.6128017293,0.6951157182,0.7102286535,0.825925423,0.440662014,0.554353758,0.587507281,0.7739655,0.7211150212,0.641860594,0.739413953,0.796223039,0.8563156566,0.920812063,0.5590569246,0.8551632,0.8861541801,0.556712082,0.051222712,0.67497165,0.798706703,0.829174719,0.76514543,0.183579517,0.5368622,0.5116787429,0.0597426416,0.1974005196,0.199146516,0.1913656653,0.686494465,0.6646060292,0.072450588,0.6526901731,0.71037523,0.792359817,0.71657051,0.52740767,0.6082898809,0.8694654648,0.7685133215,0.4092945169,0.375780553,0.627999722,0.62604422,0.835382104,0.882438693,0.865267881,0.7995647572,0.5192473618,0.2535088557,0.3418831,0.4361657,0.511234562,0.44139737,0.88829167,0.91578904,0.7416634,0.5262460367,0.2771019508,0.3227591148,0.1007880017,0.732241935,0.931525045,0.92196961,0.87825719,0.8874303587,0.9020768812,0.7964850538,0.7312168458,0.071480309,0.8740026,0.9436735,0.9376950806,0.1639671,0.08932112,0.1297703803,0.9041418,0.9125413087,0.91665567,0.902384069,0.7165981218,0.1120169347,0.100980718,0.07701564,0.070486304,0.0423015576,0.044571567,0.692145543,0.868645604,0.8975319036,0.910579043,0.883458104,0.08339823,0.085946352,0.0830963977,0.8358779738,0.7848569961,0.774154253,0.137484617,0.909017785,0.9727121434,0.862441402,0.345172344,0.014282434,0.054755468,0.046516611,0.014027679,0.232552926,0.627659778
"chr2_120075678-120075808(+)_dp.ps",0.988614656,0.992872386,0.994576298,0.992180385,0.007978376,0.987314172,0.990992907,0.9898029148,0.982463496,0.9677265008,0.9483123,0.6951388603,0.2246817799,0.3607236195,0.027959473,0.964115801,0.995244355,0.999064419,0.9980971,0.9916904015,0.983993468,0.971282601,0.427477904,0.2671285104,0.992088518,0.9957279351,0.9978004,0.2264726738,0.9783147583,0.784045594,0.004477539,0.006367327,0.958382291,0.989540345,0.994155828,0.01418114,0.9746155142,0.9718279347,0.9736615786,0.0043230204,0.0006989973,0.001135686,0.000994571,0.983263803,0.9898825891,0.965911417,0.993713414,0.992412937,0.961207044,0.0003986139,0.000258929,0.9912685945,0.9992736809,0.9958527462,0.996011414,0.99406247,0.19628862,0.410967001,0.2330533,0.0171007208,0.8272850624,0.9680227877,0.990665,0.9976919,0.998621875,0.99462075,0.97286237,0.85132896,0.9465998,0.9634285881,0.0216846082,0.9749366533,0.9747062264,0.9669375269,0.983963827,0.969362797,0.02744859,0.0252034559,0.0152867425,0.0152393839,0.0049714138,0.950403188,0.9683865,0.9700139,0.9676773731,0.9700496,0.0275077,0.9767713604,0.9620221,0.9823294799,0.180041294,0.206867921,0.15271843,0.2712051315,0.503012799,0.800571863,0.947118377,0.9871947426,0.995980524,0.998739632,0.99409783,0.0111345154,0.98888248,0.996986007,0.9967562,0.994408974,0.9315274946,0.3764016201,0.4217229137,0.406814458,0.2942003,0.007010057,0.1247224574,0.002719624,0.004661087,0.005460755,0.010151902,0.283902221,0.29925728,0.404813912,0.276919756
"chr15_77046246-77046376(-)_dp.ps",0.06308314,0.059336765,0.055914649,0.046358956,0.024453326,0.022410986,0.02167771,0.0301059739,0.04058555,0.0553543634,0.2630857,0.6195075146,0.6631906255,0.8291426066,0.728740019,0.60149,0.430213588,0.344648353,0.5032483,0.5702023746,0.443002084,0.363251761,0.364432034,0.2210113507,0.326665704,0.6649535974,0.811113,0.9535952689,0.9871354712,0.988128305,0.871122843,0.222813986,0.201445389,0.110793381,0.949797838,0.90097153,0.9084507248,0.906178452,0.9123753148,0.6246111133,0.073991351,0.049425998,0.050940123,0.008264178,0.2644758141,0.591878165,0.583586751,0.723822408,0.790774592,0.5916273037,0.3682387389,0.0859326431,0.1554832834,0.2526422198,0.170785379,0.18251615,0.239556874,0.193712944,0.378266739,0.5027420534,0.369219604,0.5981313015,0.3484945,0.5040778,0.44941714,0.18753702,0.67312084,0.6456076,0.4860218,0.8451017612,0.8746876046,0.8909117796,0.9238367203,0.9350745987,0.920854992,0.129700692,0.19351752,0.1000758612,0.9336669061,0.9371075124,0.9685164485,0.965017303,0.9050882,0.8381527,0.8883559141,0.8474572,0.70469013,0.6980146635,0.7166061,0.676069289,0.647595995,0.630718086,0.873004774,0.9173782381,0.425961922,0.35650734,0.344036815,0.3004662089,0.001754456,0.378878622,0.384480173,0.38810869,0.967015182,0.643723237,0.6385412,0.584970236,0.3377448542,0.9529688851,0.9677655006,0.963421673,0.616472534,0.643952689,0.7386691182,0.56798874,0.606371356,0.785297995,0.607290023,0.322752698,0.415474452,0.429311932,0.603470345
"chr18_2752440-2752570(+)_dp.ps",0.983911628,0.999852668,0.999667204,0.999898965,0.998313763,0.992456046,0.733880299,0.0084707574,0.914500237,0.9311623076,0.00376521,0.002389898,0.0055306058,0.0244590623,0.019872459,0.022305713,0.003151505,0.005656116,0.01053137,0.0087286663,0.20733103,0.257833537,0.246450734,0.8647486831,0.70246625,0.6963570659,0.9439288,0.9483351322,0.9420395629,0.853666553,0.010095654,0.017965327,0.012155544,0.006262721,0.028015854,0.02661169,0.0298149407,0.0069796907,0.0084532118,0.0072810903,0.8549756522,0.970578656,0.9921084544,0.990765634,0.0002698682,0.952466995,0.984228105,0.900718767,0.293931685,0.7267621945,0.766659905,0.6525468368,0.1055244449,0.1394946967,0.143315269,0.12091015,0.15287808,0.218229232,0.862571937,0.729013138,0.6872887774,0.02285048,0.02488821,0.06082892,0.045139233,0.09650246,0.10889157,0.10319813,0.1694492,0.1259019819,0.1181005488,0.0722220432,0.0257975272,0.9498314368,0.917976321,0.002531678,0.73221107,0.991792658,0.997630527,0.9994952365,0.9991283876,0.998997081,0.9840257,0.9104449,0.8489701439,0.8582058,0.655479079,0.7785246,0.892798,0.8799140597,0.94765221,0.950918412,0.021823455,0.9430773286,0.953551137,0.936302863,0.0391973,0.0431429877,0.038552589,0.041786307,0.036102848,0.0210342298,0.020177268,0.021695527,0.02075001,0.929394845,0.9626508228,0.9742330665,0.0335914106,0.945112488,0.942358924,0.923855708,0.9132674958,0.858562265,0.397826853,0.629278111,0.371904623,0.011094593,0.01405071,0.010449017,0.002956414
"chr4_17625293-17625423(+)_dp.ps",0.451534899,0.276969355,0.911328873,0.63710475,0.951006231,0.349183075,0.352707124,0.353469568,0.767195651,0.8160398887,0.8661773,0.6856165031,0.6683460889,0.6043796555,0.028512015,0.091409988,0.134922771,0.72343029,0.6382984,0.5808822019,0.449564077,0.035631891,0.446436842,0.5197402485,0.670383951,0.9130909244,0.837582,0.8812304241,0.3456641003,0.775177838,0.763830261,0.353576437,0.125327913,0.143513856,0.11628722,0.15094126,0.1322759541,0.1372008932,0.0099067558,0.0135318054,0.0514270354,0.053165081,0.0471575114,0.060907615,0.1283210898,0.160144635,0.349013621,0.521973565,0.526534751,0.8724723153,0.8003070669,0.7838190069,0.6357752289,0.6503865489,0.700194482,0.75002133,0.730035766,0.217285327,0.728997691,0.0090024715,0.209885614,0.8734007804,0.9097661,0.9830863,0.952050452,0.87237091,0.50298964,0.05094416,0.5664529,0.6724795251,0.3679476489,0.0481428702,0.8798488896,0.9985695081,0.998927405,0.972425274,0.73742385,0.0015842236,0.0006070709,0.0005434303,0.0014840514,0.736632206,0.9716536,0.997953,0.9972579952,0.9049498,0.342729751,0.3460764896,0.6396431,0.6417684145,0.744032246,0.439614035,0.3173946634,0.5647002387,0.235693038,0.770237081,0.9831054,0.9979083967,0.999183358,0.997820356,0.615609593,0.0018265882,0.008173488,0.860876591,0.3645746,0.997805723,0.9873450699,0.8806679038,0.6349422719,0.001218738,0.61769687,0.869222217,0.9733950927,0.760205238,0.605280246,0.821258228,0.973568546,0.82931372,0.41463864,0.403683854,0.326166269
"chr10_121741079-121741209(-)_dp.ps",0.091784477,0.044612605,0.584877907,0.662122498,0.664070661,0.665307032,0.810651578,0.5117157038,0.197743568,0.1189656024,0.3251739,0.3451763681,0.3429706945,0.2527733058,0.161814546,0.263879981,0.736181268,0.867338995,0.890269,0.8845035935,0.028163413,0.170153601,0.181920194,0.1744806493,0.08167842,0.0718718536,0.9094311,0.8481176078,0.8760513705,0.974440103,0.416978694,0.762071275,0.636095878,0.676142577,0.508026985,0.42144741,0.4482786485,0.614074799,0.7030270541,0.4062306411,0.3936373509,0.362721951,0.3424168757,0.263323157,0.1534433483,0.110437212,0.546988206,0.474882616,0.729998315,0.6953173878,0.6027561351,0.4954885589,0.2186379266,0.1527054342,0.982093031,0.99173695,0.993193175,0.996525959,0.997473405,0.9796673327,0.2334885029,0.2312250576,0.0005655721,0.0007791044,0.747178561,0.99553249,0.99449692,0.99449823,0.9951915,0.9895733763,0.2992193203,0.0785272776,0.5452537471,0.5417074306,0.373534615,0.338694414,0.91239902,0.9700497141,0.6723399289,0.6611930921,0.3144861548,0.173771496,0.2300202,0.3086951,0.1845259875,0.3958685,0.502916595,0.6073388734,0.7052037,0.5814313641,0.367490185,0.67593638,0.643739535,0.3205241473,0.317494037,0.232726039,0.025360856,0.1769110055,0.314353975,0.769547383,0.823319449,0.8198323975,0.781188378,0.722332975,0.4556744,0.701819094,0.702935008,0.7065262435,0.7375306494,0.969695433,0.718151084,0.348874178,0.6198559095,0.603811916,0.261736405,0.264217831,0.734653739,0.51090529,0.430341818,0.537436517,0.587016133
"chr3_182944856-182944986(-)_dp.ps",0.104412722,0.079969453,0.075896783,0.111565743,0.938192571,0.963417888,0.977970102,0.9774446462,0.886090094,0.522710213,0.9551987,0.4771590392,0.9304571134,0.8930183108,0.868723733,0.561464931,0.095897502,0.077784109,0.06635257,0.1633157828,0.199151696,0.339806352,0.387012354,0.498156934,0.427602102,0.7444004536,0.9482883,0.8214938509,0.5476322162,0.234603427,0.482016079,0.419027158,0.406472725,0.250827978,0.833775924,0.85171556,0.8843725219,0.8496170375,0.8176831956,0.7957722964,0.6087576237,0.600959501,0.4629129406,0.476977554,0.1639156394,0.160278152,0.203282422,0.411743393,0.468084949,0.1166000559,0.4055690407,0.4823320106,0.4995800746,0.5945640407,0.612886481,0.14462161,0.500731272,0.462630996,0.460777599,0.4730622403,0.4578418747,0.0712314693,0.2475496,0.4051588,0.475797707,0.80797001,0.96903699,0.98851514,0.9980657,0.9883448412,0.9875493711,0.9859210847,0.9526555926,0.9733157335,0.993207101,0.970876002,0.51079418,0.540818262,0.4637052978,0.6432501861,0.4785391165,0.203730802,0.4603595,0.4579992,0.4590929108,0.3406705,0.663226812,0.9968757626,0.9984936,0.9990625531,0.993002666,0.525918422,0.9772327062,0.9747733599,0.958533962,0.959411395,0.50272243,0.9520108239,0.758502801,0.489104016,0.068884476,0.0449665495,0.02216505,0.096402508,0.1391521,0.117651855,0.0285784654,0.0297013947,0.310253794,0.455823923,0.46039097,0.458632436,0.4538645833,0.398445345,0.034744461,0.0396259,0.06155323,0.062116137,0.040424249,0.014415732,0.412375819
"chr12_50476786-50476916(+)_dp.ps",0.00333604,0.004107668,0.032375723,0.026471871,0.001987691,0.699815434,0.737216432,0.7235479414,0.914395355,0.9733313168,0.9604761,0.9937216479,0.9979797204,0.9898329989,0.997464835,0.907874275,0.9864511,0.991836171,0.9864804,0.2839337303,0.209422811,0.931580148,0.977330127,0.9906742258,0.999420796,0.9985350507,0.811415,0.0005903194,0.0005416619,0.001757586,0.806893959,0.992544224,0.993155445,0.994707596,0.981362721,0.93546443,0.0014552152,0.1857501784,0.1577650198,0.1301214822,0.0273571999,0.985296246,0.9867809895,0.985126006,0.913050836,0.047299065,0.956696862,0.996756478,0.996957601,0.9909637599,0.9537714752,0.7119091944,0.6821907353,0.4989851179,0.731443416,0.73309138,0.888782744,0.109474875,0.107884993,0.9634416356,0.9893287716,0.9930437672,0.9900281,0.8917031,0.099090997,0.7974111,0.90023096,0.86920712,0.0922548,0.7033309644,0.8617091419,0.7851636554,0.7657858302,0.9650833376,0.999314367,0.998030985,0.99768556,0.9962615883,0.8562507876,0.0012279583,0.0009103041,0.976796506,0.9769187,0.9908082,0.9966737471,0.02814201,0.008667354,0.000782946,0.0009608199,0.0010620197,0.028821673,0.030160613,0.0373594444,0.975838173,0.973164275,0.972943199,0.963868897,0.8557330559,0.998304472,0.998277361,0.997990745,0.9975280445,0.962984722,0.020872541,0.01866096,0.024125517,0.8427211188,0.9592577971,0.9640467242,0.755574486,0.099458892,0.978419979,0.990955063,0.876539624,0.056521478,0.79481396,0.891477479,0.899152029,0.897648722,0.873610391,0.007501784
"chrX_48576350-48576480(+)_dp.ps",0.152763217,0.952647772,0.957736054,0.91047814,0.989890266,0.998718158,0.952904264,0.9748276887,0.759761446,0.9935319771,0.9961184,0.9953322223,0.0001290443,0.0002436581,0.999914578,0.999914736,0.996182128,0.995203187,0.9969084,0.99531133,0.004120735,0.002430365,0.002809126,0.0012781248,0.001349248,0.0009531348,0.0009739761,0.9987055046,0.9990947929,0.997515956,0.997937774,0.998509912,0.998507488,0.002752566,0.000187859,0.99983822,0.9999093445,0.9972063168,0.0138864899,0.7719958606,0.9793134853,0.962945682,0.9895986033,0.994777399,0.2442488675,0.479732005,0.860295367,0.951202575,0.901093723,0.9044113197,0.9942069355,0.9946568915,0.0947988455,0.9758458788,0.96014079,0.1467393,0.870501115,0.984744396,0.985128804,0.9845353789,0.1170748171,0.0381691463,0.01364015,0.003652334,0.001092327,0.02715608,0.11559615,0.90235074,0.9884822,0.8921822731,0.9570920892,0.9032965816,0.9846739376,0.059990877,0.934547361,0.98856336,0.99292096,0.9892073234,0.9851748091,0.9948862316,0.4408673907,0.513151606,0.7312667,0.787315,0.8286726902,0.1162557,0.712948079,0.9319610363,0.9829972,0.3851628006,0.355840723,0.136305374,0.0741885805,0.7384187575,0.820114924,0.943966311,0.275233873,0.9180604247,0.592208692,0.581611429,0.605669815,0.2890422081,0.368373242,0.828927717,0.8970087,0.893287116,0.1070919172,0.9409486446,0.9616666712,0.964872509,0.989907106,0.258600043,0.238752064,0.193561853,0.581835404,0.671389203,0.608184851,0.115559847,0.148792617,0.237321363,0.251989202
"chr6_35833529-35833659(-)_dp.ps",0.952588371,0.435592933,0.718526665,0.817872983,0.822763839,0.300596942,0.461070879,0.4127346996,0.41129385,0.9057872548,0.9589263,0.8580215896,0.4897064711,0.9637084883,0.572817936,0.401913128,0.015007372,0.149011727,0.09269227,0.3722686699,0.985113315,0.99834312,0.978272838,0.7765591439,0.042649634,0.4274276538,0.3857864,0.1869510569,0.7011065133,0.916326206,0.958648582,0.371353424,0.243189828,0.024737299,0.032962784,0.73163871,0.7329134029,0.7488518672,0.1020071999,0.0518377248,0.0552071416,0.173079451,0.3090903418,0.257187187,0.1150633906,0.145513421,0.242691913,0.417184719,0.943206671,0.954855645,0.9843590797,0.995941363,0.9951276872,0.9927036356,0.993449435,0.99403896,0.023784854,0.029482073,0.891524885,0.0698333576,0.0383306046,0.0125582585,0.008933403,0.01477313,0.029895313,0.02569007,0.03773612,0.88697488,0.05742517,0.0277973552,0.9949747165,0.9937326193,0.9926465186,0.9958948264,0.996735039,0.982669889,0.92573409,0.8319476511,0.542877917,0.2423361829,0.6051136652,0.538014867,0.7378593,0.7063243,0.642206622,0.381171,0.183120242,0.395183414,0.5720987,0.577786183,0.124812823,0.557789294,0.6784677625,0.6970697783,0.048934228,0.088363634,0.541514564,0.4284860214,0.749316019,0.659175919,0.649306414,0.6961329643,0.238111799,0.530960367,0.1787918,0.653764567,0.8129795299,0.8096744373,0.7815473692,0.11847933,0.123417212,0.102870884,0.022641304,0.025692079,0.603791295,0.638351563,0.599408337,0.500835085,0.200187897,0.946824042,0.978451704
"chr3_186619531-186619661(+)_dp.ps",0.239303908,0.283638862,0.398297824,0.858298418,0.879713486,0.606266467,0.621938402,0.1571538229,0.175817628,0.1943226284,0.2664484,0.2647233772,0.116791603,0.7420612855,0.732780145,0.617703329,0.576024,0.021895442,0.4757184,0.517597729,0.216777053,0.747322361,0.716616751,0.6804156914,0.076512906,0.8852929675,0.9325792,0.9069869211,0.8595856099,0.167117623,0.185729957,0.300220401,0.175610136,0.453661093,0.641562543,0.80913339,0.8147744311,0.8806886767,0.8386136418,0.2958582129,0.2883463687,0.29362526,0.6967737122,0.620448292,0.2114171607,0.793901921,0.818447176,0.872490725,0.851724459,0.6719640973,0.4373539215,0.5179208734,0.1191983978,0.2864228916,0.425029807,0.35390223,0.350288638,0.336700291,0.385333702,0.7493761996,0.8190911076,0.5097810026,0.6896792,0.719868,0.67875985,0.60109445,0.55684026,0.0788803,0.716079,0.6933730499,0.1258350962,0.5986344655,0.8322241151,0.8283647679,0.775204258,0.694382698,0.81415989,0.539924605,0.2359920146,0.6889513626,0.7795604382,0.801165963,0.7097551,0.1521108,0.9054561554,0.9274401,0.837758164,0.1746037066,0.04584302,0.2528537948,0.273502824,0.424852731,0.9201669668,0.964475381,0.977801386,0.962405948,0.424547605,0.2774364756,0.773637398,0.888951932,0.977322891,0.9977715107,0.998819063,0.984915032,5.958145e-05,0.995482885,0.9511701,0.0002098547,0.0002060738,0,0.020471322,0.022736602,3.12523e-05,0.9683011,0.936192595,0.982688029,0.996800787,0.995277337,0.974252992,0.96462334,0.984860556
"chr1_220150875-220151005(-)_dp.ps",0.586312198,0.279016549,0.13298906,0.062040704,0.010743189,0.061605994,0.072776767,0.1310776759,0.16620634,0.1278694121,0.2061921,0.0143535313,0.5310062653,0.5880677287,0.59855701,0.599163368,0.436886946,0.00285558,0.611033,0.9583739573,0.989393669,0.993016688,0.997594597,0.9992347723,0.999304499,0.9998824633,0.998638,0.2317407002,0.2418117459,0.246079032,0.250789216,0.171580365,0.200684305,0.044288631,0.035395255,0.23463973,0.2493500265,0.4326215262,0.4450941759,0.0432851887,0.0040037893,0.003562097,0.0104108813,0.998840624,0.9996596165,0.999089796,0.998843373,0.997263626,0.992748832,0.9893034941,0.9586059179,0.8543056896,0.8285694408,0.9519058133,0.972566142,0.98126728,0.990906939,0.977201574,0.885969646,0.9271813558,0.9916546181,0.991104399,0.9890069,0.9614589,0.958572493,0.92557114,0.9600047,0.98181803,0.9837451,0.9811204956,0.8697350137,0.205056864,0.2649285669,0.1650640118,0.439799184,0.044149675,0.15751418,0.157288521,0.1395878642,0.704084699,0.7525728477,0.720957732,0.6616701,0.1927484,0.221712464,0.186252,0.030248768,0.0302022238,0.07023805,0.7419064391,0.829768479,0.789090127,0.7894217163,0.0672640919,0.034929195,0.054524657,0.161481079,0.0916021789,0.109984946,0.904241548,0.956261014,0.9607655848,0.960061288,0.942653432,0.9332748,0.342881465,0.0376985469,0.0397623907,0.059262069,0.057087821,0.042194527,0.686767149,0.9284101483,0.943413829,0.948348055,0.929185178,0.927626771,0.891248594,0.451621523,0.487991997,0.954541249
"chr12_27322893-27323023(+)_dp.ps",0.983229402,0.976954564,0.977129072,0.895033669,0.034316256,0.278133512,0.291366214,0.239656013,0.674524512,0.8659958527,0.8756727,0.8443536756,0.2751550667,0.638249158,0.654469483,0.236281577,0.397873043,0.327703717,0.4652916,0.4159041821,0.844513676,0.724184317,0.04683469,0.6061254554,0.906349643,0.9439117978,0.8999598,0.5109480759,0.7076403832,0.577263315,0.379583822,0.599065957,0.583159189,0.663592937,0.802002176,0.59976475,0.5194743974,0.5472373577,0.6237177315,0.5332626876,0.2912788819,0.354589894,0.2690622618,0.490584523,0.3592059383,0.38938041,0.627005339,0.767637238,0.613587524,0.5915365702,0.8152846123,0.38234211,0.5188409966,0.3423959183,0.652433106,0.61076364,0.816319479,0.59187006,0.717042276,0.6023502259,0.7407467283,0.6582891009,0.2939061,0.282597,0.255555887,0.4403201,0.35894699,0.63954879,0.625573,0.5768973178,0.7563558575,0.5082449702,0.8139112472,0.5772547813,0.707215107,0.57670378,0.44031768,0.3661204029,0.4277067772,0.4660024627,0.5559166219,0.526487616,0.5754192,0.5601339,0.5279025149,0.5973875,0.615743928,0.616630461,0.5832018,0.5573547533,0.537257104,0.653530318,0.8363489965,0.9236462588,0.896578892,0.688211001,0.465503383,0.4929771118,0.470266261,0.653228217,0.725833583,0.620545946,0.825301951,0.75829575,0.512727,0.094145664,0.0841009512,0.0680615037,0.0404340798,0.201549764,0.384576071,0.616138353,0.5797231362,0.448290263,0.6090473,0.669840325,0.382854087,0.884224315,0.976067954,0.985563451,0.988413993
"chr17_32481755-32481885(+)_dp.ps",0.054327381,0.065395469,0.093627427,0.717263643,0.79876007,0.76575844,0.77966931,0.6757890037,0.028298917,0.8277935566,0.8858044,0.758507053,0.0696714343,0.5558429338,0.50367884,0.011286793,0.813581836,0.974669523,0.9831249,0.9742684544,0.913333017,0.218306098,0.729585473,0.9704814859,0.839520178,0.9604472972,0.1662255,0.1494149436,0.6509168796,0.019753067,0.814421167,0.847119903,0.987611343,0.942314081,0.169723572,0.18817516,0.1590638263,0.0744428638,0.1897849811,0.1784238361,0.2192327138,0.541223812,0.8987139039,0.812551945,0.824064401,0.325822093,0.697589251,0.184719608,0.30862757,0.7441148571,0.7628022667,0.719422454,0.6782192423,0.2419522359,0.504096262,0.47043027,0.710374864,0.737051032,0.701225032,0.4429034103,0.3392606084,0.0871561405,0.5981377,0.5527168,0.096236425,0.84334336,0.94625826,0.94625623,0.1530026,0.7748521995,0.9378119154,0.9660290157,0.8039442349,0.7227230726,0.8572131,0.947157557,0.92405843,0.3939758776,0.1801094837,0.0853886068,0.0565255335,0.668257862,0.8709693,0.8748582,0.8528981493,0.1775826,0.122288925,0.1358869419,0.2399739,0.8978957989,0.864377481,0.723058925,0.6737288576,0.0268034268,0.377790606,0.328980383,0.349118174,0.8750007629,0.874346491,0.718715455,0.497217991,0.2728152224,0.299973896,0.129205465,0.1306786,0.575984273,0.7298993413,0.9802684194,0.826808829,0.488548267,0.728592592,0.414622403,0.1789747783,0.182897268,0.049407053,0.066281136,0.076672294,0.170147369,0.161146387,0.06527499,0.062597786
"chr5_53094188-53094318(+)_dp.ps",0.005740675,0.19020022,0.212152597,0.012156929,0.505206423,0.592612083,0.563166058,0.9805273891,0.978072574,0.4480167148,0.4413457,0.2899503634,0.0148736276,0.8707219072,0.904721925,0.461043203,0.058213115,0.094380559,0.004626717,0.7931692483,0.791400599,0.429861795,0.429500376,0.5169836046,0.333797377,0.7611255211,0.7641648,0.5964107059,0.5644810645,0.552898666,0.10584574,0.761392056,0.93318331,0.782131362,0.582636401,0.73767511,0.8002954002,0.8976910426,0.8983377017,0.8066469391,0.3462352058,0.621879401,0.6346452606,0.558996335,0.0617074822,0.454282079,0.824013014,0.844442391,0.415079062,0.3998912018,0.2967212068,0.8692547775,0.9774271129,0.979667849,0.883059657,0.77310549,0.07173048,0.034156249,0.014953175,0.015626562,0.029450439,0.0130188694,0.7056075,0.9380537,0.993504835,0.99371,0.88370283,0.0202889,0.1612754,0.0932102343,0.472700529,0.6985620254,0.6161285899,0.3182547496,0.930075611,0.951729812,0.91235718,0.4130780834,0.9404564994,0.9434297932,0.5655508799,0.53195997,0.358405,0.07172726,0.460535112,0.4241041,0.695895976,0.5794921365,0.8854966,0.9947959437,0.995980249,0.448683673,0.4079387844,0.0370370998,0.023877187,0.008952479,0.054803852,0.2816019227,0.284118268,0.083037643,0.092977778,0.0820268309,0.02503581,0.455699957,0.6558079,0.717537803,0.9019695725,0.9505169327,0.2942120885,0.474079006,0.517343082,0.488417287,0.0238898149,0.001560195,0.218663033,0.264933412,0.311657155,0.685889013,0.542148149,0.264007038,0.069949803
"chr9_112058460-112058590(-)_dp.ps",0.567002165,0.416022612,0.325407368,0.133465792,0.279727598,0.58482732,0.548427261,0.9270728891,0.968973917,0.9812356107,0.9169984,0.3299749154,0.1497460744,0.583408151,0.665806864,0.715242098,0.186786756,0.182036528,0.2306705,0.0933027746,0.079003332,0.821898281,0.806548915,0.755978553,0.762041733,0.7978784412,0.8054494,0.5615772228,0.0148911998,0.162142731,0.641940142,0.55154812,0.74457946,0.909139403,0.86163717,0.92595397,0.9919816502,0.8349689978,0.3156569366,0.1672532968,0.214034272,0.367089136,0.3341742334,0.08920092,0.204602166,0.27661716,0.933795591,0.946284569,0.942438807,0.9707008595,0.9362244912,0.7665430524,0.0740207361,0.069548552,0.594506695,0.61439155,0.568523902,0.892310545,0.90473404,0.9446112862,0.3710075365,0.4559357338,0.3697579,0.5045513,0.015772671,0.04044025,0.04449965,0.19501054,0.2599278,0.6588468981,0.6245774563,0.6234737381,0.1335036362,0.7453432839,0.746021115,0.771185131,0.09161933,0.9833259701,0.9911885892,0.9917151151,0.992386175,0.98103399,0.9800748,0.7457442,0.5668475859,0.4786577,0.498986588,0.6994794878,0.6755897,0.7120316523,0.67939727,0.102836163,0.5624250906,0.5778802497,0.651506643,0.626860276,0.358152421,0.9180642298,0.568823987,0.995586879,0.999260186,0.9998992234,0.996957096,0.968204273,0,0,0,0.000177317,0.0032562036,0.474551247,0.97700557,0.997695609,0.9990673677,0.988308519,0.038361905,0.898465528,0.902382824,0.619652898,0.580200323,0.634324371,0.666560259
"chr5_90393777-90393907(-)_dp.ps",0.933727944,0.909838987,0.955538621,0.979955953,0.981476031,0.776588947,0.984304661,0.9789619006,0.162965832,0.9694239536,0.8364892,0.9398752411,0.9023270521,0.9789614791,0.861229713,0.010086954,0.655108895,0.832648007,0.8371029,0.9022990435,0.900236943,0.005928575,0.106750239,0.7599606261,0.712445939,0.1904474875,0.389292,0.3922235946,0.2291212149,0.21326538,0.130582765,0.286456824,0.321292025,0.279045765,0.84140165,0.81474681,0.1569143178,0.1582271507,0.9573553324,0.9706825667,0.8682717945,0.862700199,0.6795053241,0.03064105,0.8260749834,0.833760581,0.837010742,0.939463121,0.980236325,0.9774856131,0.1602790463,0.9772883134,0.9749726551,0.1615280308,0.190695438,0.6613254,0.893409676,0.88199374,0.929859665,0.9390382221,0.94069913,0.9364463214,0.956592,0.893482,0.720098353,0.1755612,0.19242769,0.23436036,0.224074,0.1321930382,0.1298401401,0.0632106251,0.0696436988,0.0764153406,0.091935789,0.125308937,0.54374986,0.6739104195,0.6815887884,0.6782641433,0.6405384681,0.576790613,0.7665189,0.3098371,0.3442341177,0.648098,0.759412119,0.4487690882,0.4568438,0.2870420429,0.517932438,0.489530999,0.315318219,0.2868949746,0.465042106,0.459740954,0.374805536,0.4993463534,0.449227218,0.512322962,0.519576287,0.787152907,0.603191335,0.432650854,0.03754904,0.076590993,0.2404889592,0.468209609,0.4931089004,0.565972944,0.540502189,0.676241246,0.3345836246,0.354847418,0.076582775,0.238555106,0.960488506,0.973310585,0.960947366,0.915864713,0.753857678
"chr3_88054974-88055104(-)_dp.ps",0.3283128,0.456625919,0.314081019,0.298018538,0.031239453,0.159895742,0.210363912,0.2433793592,0.459379237,0.5451932759,0.8695414,0.2725165254,0.8276949062,0.8787884792,0.854698353,0.879733331,0.860252146,0.102781525,0.03040552,0.7498477421,0.943749255,0.917987114,0.217794671,0.0887500329,0.005715219,0.0478133688,0.0238183,0.0552049795,0.0783108495,0.059771447,0.78275912,0.771511892,0.617496081,0.01308036,0.003934246,0.79541891,0.8456560114,0.8617502672,0.8261803097,0.6356995757,0.0027899926,0.559387895,0.7580854416,0.848872095,0.6928082117,0.864189913,0.969707551,0.994060393,0.993452217,0.8581116563,0.7856941456,0.0051750636,0.0061805115,0.0049259742,0.005686579,0.67931653,0.865087886,0.877763633,0.87979557,0.8719981338,0.8309524915,0.8976376804,0.8682272,0.8158962,0.120099512,0.97850385,0.93191713,0.9211659,0.9120496,0.9015996312,0.3929216985,0.4332141237,0.9827860001,0.9866145441,0.982358204,0.967317416,0.03981364,0.0365105031,0.0130543929,0.0204861282,0.0747268523,0.102163654,0.9917565,0.9410181,0.9426826941,0.9473012,0.988490471,0.9945334858,0.9364431,0.9937462308,0.997184591,0.994949381,0.979132322,0.0666820036,0.067558225,0.917854775,0.939180217,0.9235786139,0.763319026,0.004400085,0.059004298,0.0608157157,0.061827657,0.060330592,0.8217756,0.969552613,0.959563393,0.9213932069,0.0099042243,0.007202743,0.921551016,0.936373,0.9398282066,0.958361654,0.906702053,0.634014423,0.610857976,0.039820696,0.906135979,0.895188676,0.931573608
"chr5_74778274-74778404(-)_dp.ps",0.56977047,0.551804242,0.008319206,0.377800785,0.853031741,0.816099153,0.72753039,0.3920100884,0.223026444,0.1116440362,0.1065897,0.0945126324,0.1458178911,0.1237397641,0.036714303,0.195010993,0.161009617,0.279823818,0.191711,0.4298731854,0.787577697,0.752047625,0.443282041,0.4121515889,0.979124639,0.5952174502,0.685094,0.564368019,0.7215751854,0.842361321,0.670207081,0.443601168,0.93085033,0.81580849,0.809493253,0.4722006,0.8576470494,0.9163683016,0.4649059526,0.6291969921,0.4719967261,0.468147326,0.4379224536,0.051576051,0.0503702046,0.959220073,0.966129386,0.973021883,0.971909905,0.9690744141,0.9921572168,0.967584184,0.8824360797,0.0235678233,0.006199795,0.02104471,0.027989643,0.028913495,0.857444761,0.9438796572,0.9670108971,0.9682704208,0.9681015,0.9890944,0.995987927,0.98801463,0.06162471,0.31336046,0.7196313,0.9831669251,0.9301314323,0.727096857,0.0243438444,0.0275193841,0.037584421,0.694082517,0.82324097,0.8636151571,0.921939098,0.7716679152,0.4826714944,0.462721896,0.395832,0.4217295,0.4859508034,0.5460319,0.644665134,0.7476070179,0.5485697,0.1597386161,0.911995306,0.946007065,0.9311740047,0.879237853,0.412973411,0.123779559,0.238107102,0.3494479296,0.265895288,0.184191394,0.152691774,0.5512549258,0.520930948,0.833151575,0.8104024,0.787790283,0.4943554367,0.4801063072,0.3970681249,0.045735532,0.013463254,0.019808763,0.0552909878,0.08690482,0.111002678,0.109427259,0.105977696,0.099223364,0.043062753,0.027981759,0.015015159
"chr15_34148618-34148748(-)_dp.ps",0.609458649,0.375109033,0.984106245,0.985629761,0.00610781,0.997493162,0.998954258,0.9909583294,0.983299198,0.0168632801,0.003484608,0.0052675038,0.0056313771,0.0180287891,0.012465605,0.977395332,0.991051489,0.997078114,0.9968486,0.4463458104,0.970279856,0.640944732,0.472978051,0.6233009558,0.638258063,0.663453312,0.683095,0.2012711853,0.4673661487,0.693524481,0.834073698,0.876936334,0.918674128,0.754443292,0.741188152,0.75609822,0.6268145857,0.3572372869,0.3377357106,0.2315330744,0.1773824982,0.195797764,0.2764431106,0.655994581,0.7128668644,0.431446109,0.550958019,0.130447046,0.685230734,0.7383868994,0.6974423067,0.5853276823,0.5927645727,0.5821719142,0.488792842,0.26122992,0.548692245,0.888392405,0.943027575,0.9444177168,0.835733131,0.2321765972,0.07226601,0.4445213,0.770661931,0.90004096,0.91787338,0.91041869,0.960644,0.6803052371,0.0784575916,0.1766094514,0.1765947802,0.3547283799,0.485381227,0.467535468,0.80050481,0.7793024728,0.6060270796,0.7070219064,0.7729173073,0.665922085,0.6692813,0.9136266,0.6646951173,0.6830442,0.892996515,0.8620314792,0.8635868,0.3313020812,0.097114797,0.135040536,0.2519329831,0.8902934578,0.768664523,0.769564129,0.703575743,0.7696482322,0.601317735,0.650288101,0.862519653,0.9106039901,0.874405108,0.713484603,0.851434,0.845005536,0.8337745355,0.2819182221,0.4122813252,0.474512057,0.355907504,0.939634332,0.9537551171,0.804657767,0.655191033,0.678727658,0.684805762,0.66607798,0.607782804,0.093329343,0.242048698
"chr1_220024215-220024345(-)_dp.ps",0.996196902,0.996849656,0.996994253,0.997269857,0.987901224,0.970266008,0.619981674,0.5919110235,0.530304261,0.3962894762,0.09477173,0.1111604469,0.0444879797,0.0649377096,0.044189304,0.263481059,0.629275478,0.564656716,0.9470065,0.9447657743,0.985801814,0.945035597,0.93440651,0.012695047,0.079518244,0.0311398734,0.1800778,0.0636798172,0.0572639856,0.002273586,0.13056717,0.243207682,0.009330312,0.0029669,0.812204074,0.82530904,0.9759124905,0.936183943,0.5637106971,0.0456111648,0.5721195898,0.616484825,0.8025743295,0.896644885,0.8020539786,0.732747299,0.743982521,0.72179622,0.898012162,0.9740090405,0.9351394939,0.9830318808,0.0596591039,0.0241301049,0.045813725,0.02827574,0.003960201,0.001903434,0.894941521,0.9866642093,0.9958855049,0.9107067845,0.09954825,0.0005490472,0.042429398,0.21291625,0.16490573,0.23561587,0.1052469,0.1317688783,0.0867840907,0.0026847056,0.0027431907,0.0229452115,0.006129268,0.017720064,0.20123546,0.3964507185,0.4083858625,0.4163396989,0.7651639174,0.957353407,0.9829656,0.6931482,0.7070461951,0.9397186,0.981260685,0.9575802308,0.01439535,0.8677553348,0.94389135,0.920053315,0.0030913463,0.001813463,0.002468583,0.945909917,0.981499501,0.9851477471,0.982544302,0.951458629,0.005189182,0.0021231604,0.00256333,0.002631834,0.001787864,0.001998365,0.9597346551,0.9911342169,0.9891276329,0.987635344,0.947359717,0.003962135,0.0004079619,0.000401045,0.004014674,0.927457136,0.943985178,0.87890414,0.012167191,0.952089111,0.984579281
"chr11_124636204-124636334(-)_dp.ps",0.019827452,0.015878399,0.171044576,0.730979973,0.877537261,0.986890664,0.985687399,0.9607155344,0.916361819,0.8950645835,0.6996918,0.7589122918,0.8546268232,0.8026800439,0.101878405,0.125293554,0.071814746,0.04718768,0.5425326,0.649361101,0.672369484,0.799738535,0.183284481,0.0899873343,0.254308992,0.3557595731,0.2576059,0.5055392533,0.5548986351,0.566486908,0.561612187,0.569599123,0.585494328,0.632911986,0.341012193,0.22613849,0.2588715383,0.3964793544,0.3886933686,0.3811589486,0.4882894482,0.204354496,0.0721793953,0.099732968,0.0483145162,0.201821171,0.877944123,0.913379356,0.927709268,0.7511003885,0.4477490803,0.1923772338,0.3329396188,0.6572554997,0.889007316,0.84669118,0.829606227,0.653750113,0.369447746,0.7517214386,0.8105530239,0.8328123477,0.7934092,0.7310237,0.424628624,0.245622,0.75608688,0.76201648,0.8553279,0.7027072792,0.21770604,0.5447499552,0.0414730344,0.3368275142,0.569864234,0.672380049,0.71207304,0.4193504982,0.0973382449,0.3398132188,0.8327108661,0.817925111,0.9409374,0.9453964,0.8560210214,0.2016828,0.168973805,0.247478894,0.270658,0.0268879125,0.012760366,0.282076704,0.2608512575,0.4269061435,0.403670987,0.293530028,0.367994551,0.3051736008,0.330430991,0.30158832,0.595932074,0.5653220299,0.395035237,0.759261527,0.7568821,0.740119272,0.7517343425,0.760508228,0.3056566667,0.106868836,0.050508924,0.565210788,0.3099595314,0.961019551,0.73016744,0.738932607,0.75951524,0.657329132,0.72742662,0.714471254,0.835994063
"chr8_52656320-52656450(-)_dp.ps",0.497046126,0.622361278,0.640012244,0.513117816,0.076187854,0.341298768,0.39721119,0.202784479,0.71942609,0.9302807548,0.9566224,0.9522625955,0.8808893604,0.3263108206,0.012368589,0.017175645,0.038340969,0.045144366,0.02347664,0.590677968,0.65040639,0.748811584,0.815266075,0.9204453413,0.594886179,0.886799449,0.6300845,0.6679485343,0.7489357206,0.458345145,0.327789337,0.14672116,0.676752625,0.598994859,0.748155195,0.74887236,0.2600565103,0.0331251378,0.4129702444,0.5314843251,0.5462423073,0.650728595,0.6350877251,0.24737615,0.3132559664,0.232467677,0.327214115,0.473910414,0.043506082,0.4218300346,0.3499237976,0.2052883983,0.1740642871,0.2215304322,0.232211614,0.11365005,0.214495855,0.028771708,0.039509239,0.397759386,0.7793844977,0.7072091099,0.6982252,0.644738,0.665628517,0.2489,0.30851322,0.64132612,0.6478837,0.873958119,0.7874880997,0.5622025738,0.5721970705,0.5291998329,0.992790464,0.995754143,0.98259477,0.0593368825,0.0105782666,0.0025130172,0.6520497918,0.739395052,0.7203122,0.001494993,0.0006512289,0.9915185,0.995070996,0.9947164795,0.9965721,0.9933556214,0.003460612,0.003723289,0.0002083506,0.0005379196,0.003242325,0.004398566,0.993199095,0.9964619517,0.995087407,0.997419464,0.994346798,0.00384246,0.001314244,0.720671897,0.7370357,0.645979597,0.0014036915,0.0484369381,0.0262265382,0.948365294,0.986428443,0.985861766,0.0266073637,0.582895535,0.617252574,0.586977191,0.753420793,0.633516405,0.29848332,0.28236355,0.348066073
"chr14_52750713-52750843(+)_dp.ps",0.001825741,0.003523442,0.01027104,0.033712094,0.044439673,0.047016328,0.008318945,0.0288056057,0.037854743,0.0118475346,0.01329323,0.2036949605,0.945179059,0.9947467366,0.993818452,0.992635856,0.990706186,0.974888581,0.8463839,0.0005429382,0.526076733,0.967439958,0.996805378,0.9950720342,0.942960813,0.7690884387,4.783739e-05,0.8521237936,0.9740056669,0.997257027,0.999893487,0.998846949,0.9985196,0.998592973,0.998117685,0.99748353,0.9949587145,0.9803753352,0.8458347313,0.1522486768,0.0940959454,0.388229033,0.4620265865,0.477558516,0.6052411393,0.261678964,0.219759566,0.215449727,0.458550987,0.4168440519,0.9018595685,0.9795932108,0.9777201823,0.9891261314,0.989396342,0.95109329,0.027203422,0.838136829,0.969355557,0.9589739775,0.9027317439,0.0020860393,0.02732973,0.02880411,0.029120715,0.02612539,0.02768146,0.90185098,0.9576559,0.9532490024,0.8239825991,0.0103102656,0.9340102231,0.9897020127,0.991493701,0.992339926,0.99095028,0.7262299779,0.0776574221,0.2221340295,0.7213635215,0.608787282,0.4508977,0.4968471,0.5604378054,0.8101877,0.444100307,0.0118180357,0.01712419,0.0221070003,0.092854408,0.105587617,0.1070775646,0.0283886494,0.84747154,0.981979414,0.994870418,0.9973959073,0.998128897,0.998604266,0.9985196,0.9988469486,0.99991854,0.995617778,0.9726282,0.855456369,0.068237445,0.0001986399,0.7322133578,0.935711785,0.984656311,0.98277104,0.9728899564,0.521371772,0.847681266,0.974222851,0.991627506,0.994821084,0.997103615,0.997689697,0.948607236
"chr1_3780578-3780708(-)_dp.ps",0.488624114,0.76427682,0.620508406,0.642468674,0.12827892,0.520619975,0.413937528,0.0918056985,0.167779629,0.7486142713,0.929952,0.973048511,0.9920815796,0.9929551236,0.996867473,0.996900261,0.999036565,0.999963047,0.9999358,0.9966005553,0.002847538,0.091813099,0.002170159,0.0006312237,0.991609058,0.9943990461,0.9988956,0.9989097252,0.9964528742,0.709999474,0.202081273,0.073250323,0.002316675,0.007264929,0.00956494,0.07159961,0.1985404725,0.7042253382,0.9941706326,0.9942317477,0.994260139,0.994365418,0.99492706,0.010948988,0.0065066246,0.001704473,0.005447596,0.097005927,0.023398585,0.9859230483,0.9908872877,0.991110432,0.9986496294,0.9998994494,0.999904436,0.99864632,0.992773798,0.97071308,0.927571764,0.7446349557,0.021126366,0.0276870531,0.04010911,0.5143639,0.804199035,0.77189607,0.33134601,0.34251811,0.2218411,0.6714263368,0.5976624808,0.6901469152,0.1193008455,0.1533372373,0.129037619,0.125498043,0.71666003,0.7949057253,0.8014012746,0.3366984615,0.1596924981,0.109654801,0.6910595,0.8731835,0.832175129,0.4374599,0.08526009,0.1154768862,0.109312,0.0678052001,0.019417815,0.038974686,0.9499725394,0.9612118193,0.972516584,0.951685203,0.283468096,0.3558442778,0.357961502,0.286647898,0.536865259,0.579132003,0.589456455,0.80886482,0.2846508,0.397473434,0.4408856644,0.3185664846,0.2590501943,0.172112501,0.215808954,0.420671499,0.3656629239,0.847894848,0.836101975,0.154665373,0.933559758,0.924953897,0.472779994,0.127653986,0.126755528
"chr8_52622825-52622955(-)_dp.ps",0.03261961,0.01595317,0.072602538,0.106397916,0.115019038,0.203153272,0.452361122,0.4213360221,0.059901758,0.7647127322,0.9158642,0.9808946427,0.9896833217,0.9940071485,0.987491293,0.875976462,0.041970365,0.957064944,0.9065838,0.0294227666,0.006526368,0.009495378,0.010216791,0.0066324291,0.007304187,0.872704469,0.9207127,0.0088373463,0.8379713314,0.980821628,0.986036947,0.98778703,0.975539667,0.934316959,0.818585696,0.31478891,0.6264064764,0.6046058686,0.1578850298,0.1294160599,0.1210643961,0.043830386,0.6049746917,0.485382573,0.1185991059,0.439951369,0.459201228,0.43573175,0.053131146,0.1401263703,0.6189951941,0.7560291683,0.8191457244,0.8150506761,0.801281714,0.72641266,0.647092666,0.014150264,0.03446251,0.4321395856,0.4291277287,0.9066422331,0.919812,0.9350926,0.900311466,0.02641006,0.87114915,0.98304832,0.9978279,0.9975757532,0.9825662518,0.9784069344,0.0178060611,0.9951186988,0.99775496,0.996686126,0.96860469,0.8289017786,0.0029004387,0,0.0017245213,0.004404782,0.8323572,0.9670807,0.9935687006,0.999779,0.993227864,0.9727421194,0.997275,0.9987369256,0.999851515,0.995654998,0.8815340816,0.0245759056,0.881284673,0.913835891,0.902609839,0.6707155707,0.436940023,0.651607656,0.661787509,0.2894375446,0.033948589,0.890305231,0.9605874,0.957677652,0.6265946696,0.9641907335,0.9623898748,0.92124729,0.004700784,0.028726168,0.4589852801,0.50264647,0.87619127,0.53320855,0.88590205,0.380106325,0.35188121,0.35043279,0.340931832
"chr11_108940854-108940984(+)_dp.ps",0.001626262,0.001805158,0.734815091,0.969724994,0.285639484,0.947732639,0.985305339,0.7360989809,0.852059144,0.7684381381,0.2470489,0.371976887,0.3870282915,0.3098111635,0.337756561,0.642840727,0.607874399,0.541410404,0.1465784,0.5271199812,0.813756634,0.881253924,0.832876243,0.8415832783,0.896422874,0.441118722,0.1692089,0.0706983097,0.4176515972,0.491802398,0.485226816,0.899146923,0.871945882,0.482864667,0.486446577,0.48130065,0.3881016643,0.0431162539,0.9295768266,0.973852141,0.888273552,0.531362949,0.4544673882,0.107135311,0.1384878824,0.579652039,0.690008254,0.60775841,0.613227081,0.6035986745,0.837647102,0.869950258,0.7311713872,0.8626936065,0.876021645,0.81364178,0.339327452,0.53567374,0.555174045,0.0271943195,0.0368356137,0.0105720857,0.008176096,0.02261581,0.475426992,0.79131877,0.28923751,0.67101188,0.730359,0.7496227897,0.7500395606,0.624224805,0.3060459522,0.0814424642,0.046373449,0.280917778,0.51664981,0.8344701702,0.8082300199,0.8080057301,0.8483877811,0.514100607,0.4041397,0.07106859,0.7654124717,0.9364864,0.971765851,0.9326432455,0.9079727,0.8473810424,0.065041393,0.057867167,0.0501867396,0.0634078111,0.062028089,0.028248124,0.843545384,0.93685895,0.933138615,0.89200923,0.852264605,0.7182645789,0.442014819,0.424789437,0.5051625,0.312517384,0.3037284667,0.1194375443,0.7393188342,0.918007503,0.984870417,0.97424154,0.665133126,0.266276886,0.281984559,0.994119617,0.993733828,0.002872268,0.003113673,0.990163989,0.994711777
"chr2_233475875-233476005(-)_dp.ps",0.358178679,0.565155813,0.826200455,0.882553929,0.426892729,0.025904081,0.842499862,0.9986140984,0.998860309,0.9990206495,0.846443,0.5535026927,0.9914759193,0.9951852122,0.99814904,0.998057958,0.993259536,0.011779616,0.9666699,0.9589335437,0.998095533,0.999084045,0.999448662,0.9994492923,0.997319279,0.0011006851,0.001712145,0.0052089475,0.0069225774,0.006929667,0.320660547,0.323941137,0.286738962,0.137932302,0.262537473,0.17266065,0.1706233992,0.8408996976,0.9790209276,0.9482068556,0.8534534951,0.867646574,0.946725012,0.971716537,0.1463887264,0.012903003,0.165364038,0.013414604,0.120483378,0.1315376584,0.1002519382,0.1326533843,0.3123065916,0.0050657298,0.857799121,0.85601727,0.995700852,0.997108285,0.999699094,0.9694628806,0.8444126017,0.3143805298,0.3180103,0.4617079,0.001860699,0.98499324,0.99648938,0.99914343,0.9986655,0.756703948,0.0008179436,0.0007881427,0.0007024488,0.0002460685,0.75587723,0.998816645,0.99922526,0.9965409554,0.9847531284,0.0004704871,0.9978391561,0.999959769,0.9999701,0.9996077,0.9985583132,1.701584e-05,0.958716128,0.9769405799,6.876658e-05,0.0001841636,0.002962434,0.996114199,0.9943643207,0.9999449709,0.999948881,0.996982323,0.003264129,0.2915337531,0.974653056,0.950279265,0.94906035,0.0556271405,0.105796919,0.123964754,0.09934093,0.078317898,0.1282722425,0.0833697294,0.9034100785,0.901282619,0.885146389,0.900715683,0.9256913579,0.852834319,0.869335796,0.87141959,0.839187121,0.0050458,0.391650906,0.478355234,0.434849897
"chr15_63141819-63141949(+)_dp.ps",0.90344452,0.921715944,0.922639689,0.863645117,0.071585671,0.576864445,0.618129,0.7066788955,0.307912773,0.3609999737,0.2992173,0.8085172644,0.8629126052,0.9007760064,0.953288531,0.707746848,0.655728766,0.73801651,0.5059845,0.5734025862,0.619610157,0.896155955,0.872082248,0.7703206161,0.132350127,0.7903590756,0.9180555,0.9510834734,0.9584824002,0.975735484,0.053531253,0.809620049,0.932328129,0.947430299,0.027044453,0.03640456,0.0333926251,0.0309324447,0.0321705206,0.0452239677,0.9748490398,0.968775032,0.8414235395,0.044693098,0.9164764355,0.935719138,0.917448544,0.915827941,0.782231043,0.0903108237,0.1297625507,0.0957821135,0.6550222354,0.677653682,0.75335664,0.17241016,0.281980578,0.532948748,0.698919874,0.5804604292,0.494229488,0.4181007838,0.7625381,0.7093248,0.584170315,0.572801,0.61340804,0.55434128,0.4717475,0.3125113268,0.571254598,0.7176278439,0.7482864349,0.4885929877,0.298911008,0.287360682,0.31908162,0.2026072557,0.1182103448,0.238454248,0.3387114631,0.556860001,0.525159,0.2994432,0.3087912241,0.1714842,0.297519648,0.7179648954,0.7112724,0.3024717602,0.15388839,0.333480768,0.3494750287,0.5248670981,0.921556835,0.711383329,0.663101222,0.1855755017,0.114877497,0.086035269,0.613968217,0.7030117759,0.654206541,0.100547441,0.8837845,0.958992069,0.9463079718,0.9722943699,0.9533237548,0.970105508,0.850791066,0.106702969,0.0473144812,0.116638202,0.103222636,0.100804649,0.068762448,0.117222149,0.11590932,0.096440802,0.116555866
"chr6_17292220-17292350(+)_dp.ps",0.253354595,0.213082493,0.263734445,0.23384968,0.069761524,0.666013123,0.879410656,0.9006338495,0.152837008,0.0130760711,0.9281054,0.9814374454,0.9802919277,0.9336312007,0.011756543,0.059432678,0.045394715,0.04837692,0.05396881,0.0435104113,0.024121747,0.899282978,0.965001527,0.9829608576,0.953923603,0.1197952961,0.03779549,0.9087361435,0.9240576852,0.709175881,0.062471188,0.524999508,0.610606781,0.527714346,0.819650237,0.90218863,0.9186526233,0.937964812,0.9264636578,0.8545637775,0.823103595,0.701049533,0.3083826181,0.460801784,0.2192454373,0.49956387,0.787900909,0.60737851,0.405061683,0.7410122626,0.542499326,0.5039305518,0.4872781605,0.3563653343,0.362540985,0.14529224,0.14918699,0.247488454,0.574428636,0.9385997852,0.8699960124,0.4306701852,0.3912619,0.4131118,0.589671764,0.65677339,0.41578767,0.73943468,0.6440953,0.5677292426,0.5520191609,0.6048687063,0.7112910991,0.7006821119,0.706816131,0.683948255,0.54860958,0.5718516471,0.3024529589,0.2804042007,0.35027847,0.41153939,0.2303445,0.17713,0.1655428602,0.6374924,0.629194745,0.600657689,0.5398901,0.0804404882,0.650852156,0.952320829,0.9636773663,0.5112090717,0.513864832,0.021675895,0.538966167,0.3494699572,0.01783933,0.358629838,0.476663431,0.4713433755,0.670648482,0.928710252,0.5283179,0.224013751,0.0298266085,0.0165213712,0.4686071342,0.481531062,0.472879719,0.005566557,0.7022424287,0.726373238,0.977409936,0.796638892,0.480821352,0.47588146,0.508197694,0.294054616,0.041215748
"chr5_78777278-78777408(-)_dp.ps",0.418514667,0.280642094,0.337030479,0.502966435,0.375224286,0.438749957,0.570018628,0.6504972906,0.897622028,0.8128667859,0.3000396,0.0716696244,0.8256315828,0.9665356725,0.921422112,0.906710935,0.770242938,0.566254113,0.6037125,0.605642248,0.68067309,0.586212785,0.217617413,0.222316007,0.29148116,0.3602714633,0.2524707,0.2763094305,0.1644828384,0.158434808,0.146856048,0.500790071,0.586786281,0.748022003,0.583120928,0.71438091,0.6057753413,0.6428605219,0.5792839705,0.228675549,0.3275056723,0.217746864,0.6383818733,0.635266279,0.5173651373,0.521039692,0.527505697,0.608386297,0.723229912,0.6153279654,0.5444450922,0.6098383048,0.5453737154,0.6445494535,0.635519589,0.50879501,0.46254763,0.267355388,0.238935166,0.336697116,0.3213638071,0.6174418512,0.6593358,0.6605146,0.879554735,0.96919484,0.961038,0.91988239,0.9104194,0.8327222769,0.6938728365,0.3934385891,0.4531100906,0.45525883,0.813377262,0.867150251,0.80589788,0.857334717,0.4664075975,0.3316283913,0.3828486125,0.484961347,0.2344249,0.2222754,0.2028756007,0.2395497,0.568379283,0.8149467849,0.8641112,0.7809225408,0.369680006,0.351593295,0.3605075392,0.3484166268,0.132747465,0.234489182,0.696692406,0.6739436562,0.513019247,0.232185428,0.204671211,0.2378696203,0.445677349,0.429524521,0.4150754,0.357207947,0.5564230465,0.5114492586,0.8128876939,0.895015468,0.912030701,0.516135056,0.5326527096,0.023365997,0.880115878,0.975761692,0.971985013,0.971567642,0.652649478,0.402062769,0.662275016
"chr6_7585941-7586071(+)_dp.ps",0.611572891,0.376370182,0.254541571,0.39729668,0.589265581,0.595497618,0.7227595,0.6254886194,0.303040074,0.3711971046,0.2220508,0.1603068056,0.4311023382,0.3078484401,0.485893695,0.583187137,0.413082327,0.655481578,0.4265199,0.2069722794,0.137415387,0.81666624,0.819104689,0.5541141439,0.307535597,0.7937467265,0.8620188,0.9873945079,0.9906018185,0.994147205,0.991065765,0.945465804,0.021237184,0.045996559,0.005844648,0.1341572,0.131341303,0.1326840149,0.8604163891,0.8603519326,0.9837708662,0.994785277,0.9970983632,0.983782028,0.8073300736,0.868957459,0.973259768,0.974260299,0.171673597,0.107843116,0.1216813307,0.5160536766,0.6906151804,0.6784126196,0.656869243,0.34538341,0.049173659,0.247996759,0.220216507,0.6201416532,0.5292336103,0.9500903517,0.9886193,0.9887655,0.985116552,0.33974318,0.38776933,0.38667313,0.8134689,0.7827915239,0.5576855652,0.4909476524,0.0079164466,0.0055656141,0.239295425,0.286633352,0.39540213,0.335902742,0.3208088942,0.3784144478,0.771596933,0.76933414,0.8258569,0.8079309,0.0100207065,0.0794444,0.018638189,0.6499119366,0.9769223,0.9956160166,0.981140756,0.980548692,0.9512016262,0.6475323654,0.707407494,0.92653279,0.990545868,0.8719197278,0.598799061,0.503897753,0.36801154,0.3844223205,0.366927894,0.511133641,0.3146618,0.452583139,0.1240173365,0.7397828788,0.7980506976,0.780328696,0.738912875,0.347509609,0.3148863973,0.318336441,0.526840516,0.266985436,0.145464819,0.114295367,0.183703469,0.163391619,0.088709286
"chr3_98798698-98798828(-)_dp.ps",0.158575404,0.208720671,0.195034602,0.141208831,0.922423946,0.829395474,0.944149676,0.1864940519,0.207842174,0.2716393142,0.3773534,0.838538837,0.8744186261,0.6872425446,0.256417714,0.465308043,0.195835534,0.191973073,0.7887912,0.7968941552,0.089540507,0.607781715,0.701369446,0.7350895912,0.759151094,0.1863956648,0.9945002,0.9361616059,0.9323720933,0.986586045,0.958423894,0.947140571,0.882908122,0.806437187,0.79225139,0.61877561,0.4268473031,0.7582184116,0.8162597531,0.6957628656,0.0368075626,0.078768381,0.0837565585,0.45391271,0.4697079972,0.585402656,0.472331941,0.175669879,0.490673626,0.6410731162,0.9766388896,0.9678189177,0.9163123363,0.7139753929,0.064958049,0.10594739,0.133829705,0.107823789,0.107256268,0.0358474092,0.1011982595,0.129124839,0.158374,0.4855283,0.885118334,0.96642536,0.881278,0.09398685,0.05549202,0.0986383484,0.0470684717,0.0762702195,0.0994077165,0.9772287143,0.954064662,0.90980235,0.82085941,0.7653379474,0.7859814403,0.8431698673,0.9417827295,0.911173834,0.3931552,0.1829626,0.1685184493,0.2216754,0.257742002,0.8524389805,0.8510486,0.65397699,0.155637903,0.15168927,0.7621734287,0.9573239071,0.865897146,0.644570463,0.610662258,0.410698611,0.191705787,0.376509852,0.787297108,0.824815855,0.759832627,0.791435931,0.845024,0.763626717,0.1754994421,0.7024423265,0.8461165819,0.7398986,0.617498379,0.102559506,0.7841268581,0.811377427,0.192479892,0.114153597,0.593840539,0.459903221,0.955347352,0.950932015,0.847428874
"chr20_1369229-1369359(-)_dp.ps",0.948271524,0.946189077,0.344056655,0.975228389,0.988417933,0.962558908,0.938101554,0.0286745556,0.03738269,0.8684825347,0.9551095,0.9658917655,0.8404868177,0.0170767903,0.012328252,0.009097086,0.008467167,0.013923993,0.06983239,0.8882473954,0.890836132,0.913587867,0.89293441,0.0049748801,0.027349132,0.9579996925,0.9719824,0.9513310991,0.9896314657,0.277344919,0.359267514,0.418870234,0.171540634,0.036786949,0.02122343,0.19609712,0.1814428678,0.1852848342,0.1631334857,0.0213748321,0.2525215186,0.477906681,0.518973731,0.342886431,0.1949006673,0.491986426,0.313593121,0.192379616,0.005395026,0.0769910725,0.0901231801,0.1906199677,0.3188168454,0.316853922,0.227071556,0.65052071,0.425347156,0.270542171,0.820989284,0.9621044047,0.9924917408,0.9964606384,0.9956553,0.9972936,0.997454302,0.99819581,0.99935552,0.9061732,0.0004053154,0.0005726677,0.0004202782,0.0005729876,0.0026278326,0.904096621,0.999381433,0.998176098,0.9973707,0.9971915788,0.9957342138,0.9916309396,0.9876585046,0.956858037,0.9849888,0.2973287,0.3115463429,0.792165,0.777314006,0.7911781833,0.9617227,0.208487831,0.19725867,0.837891023,0.8245144006,0.7454518984,0.095004941,0.113930014,0.126099049,0.1111140334,0.073606241,0.099521698,0.076924485,0.7357756607,0.837060018,0.792980636,0.07068789,0.05475978,0.7485520598,0.7819828404,0.7975470847,0.92007711,0.969324405,0.953252956,0.9547533613,0.961951074,0.961127441,0.026368469,0.003533563,0.01988836,0.026486736,0.037571412,0.030856304
"chr20_51596850-51596980(-)_dp.ps",0.002958678,0.003370579,0.007813059,0.01109675,0.007518191,0.097730843,0.124388382,0.1086626177,0.163859267,0.870387069,0.8568165,0.1678100048,0.0731649419,0.8198988001,0.866186927,0.910424998,0.955202183,0.979540405,0.8512777,0.9568421179,0.922099714,0.648712218,0.73865005,0.678655902,0.239981759,0.6365578553,0.7006746,0.701673736,0.7104870625,0.739957517,0.280870496,0.304682522,0.292155053,0.874185631,0.906034655,0.86113606,0.7759741828,0.8675837633,0.2181131319,0.9538534425,0.9968804714,0.923208544,0.3923667133,0.867257879,0.7095672241,0.223980391,0.151981887,0.545818074,0.582517855,0.6135642422,0.2632826044,0.4969137738,0.409162031,0.3989869159,0.433606745,0.08211458,0.160570684,0.163253133,0.425686957,0.3752607767,0.3827179863,0.1207230353,0.4153531,0.8575868,0.90549681,0.32606147,0.75193157,0.82653317,0.7483107,0.0906809744,0.7615624707,0.7664774323,0.80077855,0.9937887911,0.992225749,0.180910269,0.25914882,0.215917775,0.7411205144,0.864552383,0.7727643669,0.74167311,0.7348387,0.2661458,0.6686593631,0.7299983,0.70279134,0.1442706924,0.2195524,0.2045234181,0.178197456,0.180284064,0.8072422835,0.9465956575,0.982991478,0.981770141,0.998223313,0.9987917222,0.999289492,0.982422011,0.203521481,0.0242078567,0.770946502,0.794037301,0.1126719,0.050786265,0.1162632414,0.1257595225,0.1025053498,0.107574097,0.720275381,0.821854316,0.8628413159,0.855614298,0.897571084,0.857049831,0.002717956,0.002786223,0.002118039,0.023752745,0.86033405
"chr2_215942797-215942927(-)_dp.ps",0.626069526,0.54865156,0.505495216,0.245845635,0.578688641,0.585099322,0.361068481,0.6262923989,0.772295382,0.6988068322,0.7017936,0.7327617347,0.7404155394,0.9334452208,0.687294229,0.040354437,0.17839705,0.166691686,0.1973373,0.2313896189,0.829436138,0.834618192,0.819046406,0.7966188092,0.254424177,0.2720199114,0.2567501,0.0870220105,0.082889027,0.084859405,0.105193339,0.129562093,0.69307865,0.816088768,0.89533523,0.71839339,0.9898080135,0.9978642369,0.9993464673,0.9995946941,0.9992943128,0.999694402,0.9676343288,0.011017777,0.1552639173,0.201397259,0.171517065,0.020801104,0.002370951,0.0006063354,0.0008818393,0.0005713529,0.0005395538,0.0004438896,0.202952281,0.20372341,0.160168523,0.961726805,0.998672372,0.9988721385,0.9997834575,0.9983732174,0.9975333,0.9927341,0.012728805,0.17620179,0.21285565,0.08072584,0.211753,0.1600475216,0.7269058686,0.7255857036,0.6076790476,0.6933333505,0.803451683,0.789054462,0.61857458,0.2457700824,0.3532535924,0.2959683713,0.6056166437,0.588225845,0.7428214,0.6175821,0.3650791602,0.3932165,0.234702625,0.1769372404,0.1500278,0.1570651984,0.324029715,0.685440577,0.6173134345,0.5175917906,0.204144588,0.02839365,0.169529792,0.1532160404,0.143942853,0.217506575,0.135703965,0.0443366912,0.0200857,0.077371756,0.05695713,0.046596159,0.0172964508,0.0288273669,0.0540084264,0.039390905,0.03617232,0.028328349,0.0601699555,0.051476226,0.047449038,0.038295332,0.158068224,0.244428933,0.375702567,0.40692794,0.408414375
"chr11_88293787-88293917(-)_dp.ps",0.634078021,0.614893969,0.585141502,0.042061553,0.052028179,0.017311854,0.523713473,0.5349627937,0.53039785,0.5381146384,0.5348376,0.5362019711,0.7791385171,0.4131107823,0.395152515,0.899131634,0.933727242,0.881536608,0.6029249,0.3768520421,0.316264978,0.404828177,0.908187644,0.9687690913,0.972422803,0.6156057256,0.4717364,0.9437788152,0.5258626972,0.526158423,0.5259092,0.526753453,0.948736678,0.978473388,0.993556849,0.99405115,0.9942805267,0.9928376621,0.4213644386,0.6672255094,0.6168294218,0.358676814,0.3053073059,0.305519168,0.5284053065,0.619285642,0.41260803,0.369697053,0.014155107,0.5071192119,0.0188458036,0.628935229,0.6272921427,0.7186826319,0.951371289,0.9757456,0.978450212,0.961902789,0.948000234,0.8714957479,0.3004089746,0.1886354076,0.5680585,0.6380202,0.639520483,0.6971791,0.65667417,0.11765059,0.09038216,0.0268472581,0.0574732593,0.045369324,0.0067738603,0.0015899487,0.383369497,0.444604592,0.21606187,0.0004497848,0.9974439141,0.9998843808,0.9996694365,0.985198362,4.693592e-05,8.637362e-05,0.000148408,0.985285,0.999782406,0.9997252331,0.9971901,0.2673232654,0.268061448,0.41150249,0.2466553544,0.0631633248,0.042356624,0.026390254,0.018079922,0.0094325371,0.057295965,0.182108975,0.172364231,0.7426134905,0.781232462,0.727341454,0.7046182,0.525803877,0.0132643504,0.6260738523,0.7262146452,0.769013002,0.784262372,0.773449675,0.7313792924,0.908427441,0.323909953,0.993096291,0.995325911,0.389064665,0.846447401,0.371744377,0.709954542
"chr10_110604310-110604440(+)_dp.ps",0.198719582,0.602368381,0.576838294,0.417289614,0.011354395,0.347709453,0.351538138,0.9851967697,0.985023313,0.7601258551,0.03125521,0.7440395555,0.846509616,0.86371782,0.966497538,0.98039305,0.875819899,0.326277222,0.6408977,0.6562575716,0.884039519,0.952929271,0.903774486,0.4139419256,0.340878363,0.1382614796,0.1260305,0.0085777448,0.0155347202,0.765101731,0.982846353,0.992453871,0.976812711,0.849659284,0.198823624,0.76695417,0.8457953406,0.962650693,0.9669211169,0.8547781024,0.720048279,0.040795627,0.6748598568,0.619941765,0.7878071945,0.320594497,0.83386109,0.951957148,0.691390637,0.2772743671,0.274640315,0.5467602155,0.5735973928,0.8406562331,0.556283885,0.48321237,0.34330529,0.501789488,0.534118974,0.5682697215,0.3944243498,0.3744861626,0.1849651,0.1434714,0.127078148,0.35739316,0.43058189,0.4510632,0.4152289,0.2415555346,0.2287787957,0.0998420342,0.2280142395,0.3517961159,0.376211518,0.815647569,0.85612597,0.416766321,0.0309475262,0.3191462862,0.5441243748,0.548560965,0.8768326,0.6461396,0.6371908088,0.5780471,0.395247665,0.1354396021,0.3218324,0.3646267491,0.865860102,0.575100091,0.5747114322,0.5485175282,0.107352384,0.222451107,0.233034886,0.3424970502,0.437765568,0.279085136,0.305799059,0.1775604169,0.14785073,0.36497424,0.4237818,0.79631514,0.6701891551,0.5651165717,0.5060407115,0.172669051,0.15859669,0.090928539,0.2397045453,0.301726832,0.365390243,0.625047267,0.565146164,0.581438032,0.418173844,0.337229784,0.721784725
"chr3_186787257-186787387(+)_dp.ps",0.224243168,0.131399066,0.63802053,0.697668738,0.685145903,0.602987406,0.672333624,0.6901815726,0.829453151,0.5267514755,0.9496744,0.7984994229,0.3990403766,0.3171037821,0.220030375,0.238720271,0.200995195,0.170959021,0.02239967,0.0242853856,0.475122742,0.476036198,0.041206792,0.4784789277,0.468057601,0.8457097906,0.9415169,0.9376409278,0.2181254077,0.044327749,0.064967247,0.020376309,0.873437096,0.891142916,0.338604459,0.12356732,0.1764626516,0.0416324988,0.8511814773,0.9685803757,0.9987020746,0.998534801,0.9980619264,0.999751981,0.9965458729,0.00168086,0.001345493,0.001412299,0.001665362,0.0094789459,0.9086787118,0.980651148,0.9798636713,0.0009331182,0.967770515,0.9974275,0.998583224,0.998589158,0.998801068,0.9988860129,0.9989328389,0.9989417801,0.9999026,0.9990306,0.00893428,0.04456913,0.04726427,0,4.047862e-05,0.0020602292,0.053990387,0.0447259868,0.9991380979,0.9997457226,0.998955573,0.998948948,0.99898245,0.9989650591,0.9987534118,0.9985061445,0.9998382672,0.972043743,0.005849168,0.9774543,0.959602311,0.8860453,0.038687603,0.0007164847,0.00268566,0.9937696309,0.997327083,0.998074082,0.9992419878,0.999226321,0.983247469,0.866927098,0.041091359,0.0558840786,0.028876103,0.032455095,0.046212714,0.0391529778,0.034933782,0.870121488,0.9380035,0.905657619,0.9191054362,0.9089363415,0.0514193999,0.049240786,0.028347548,0.038834493,0.0422243953,0.896659756,0.920464526,0.927717916,0.934104005,0.849848869,0.286111521,0.867848723,0.941789569
"chr21_46636472-46636602(+)_dp.ps",0.262863232,0.323841234,0.349969424,0.094382248,0.352210316,0.338850641,0.331803693,0.6123691729,0.634504638,0.3150263009,0.4837331,0.5186162612,0.3500393219,0.2828907924,0.160653742,0.102750108,0.172024044,0.30270244,0.0955041,0.5938760958,0.909241628,0.945802198,0.506637001,0.6085888962,0.499044219,0.5107132839,0.02238795,0.5334151817,0.2843094311,0.625075715,0.59233101,0.662521451,0.29325732,0.461264004,0.498043629,0.81267847,0.8294431921,0.7915765474,0.8245689894,0.7597375175,0.7819399067,0.997978021,0.9971537091,0.366561025,0.3042554255,0.34084007,0.842897953,0.967529816,0.993012557,0.9919041228,0.9904904362,0.0026669692,0.0024084299,0.0019170412,0.003189492,0.99383916,0.991532452,0.989560953,0.853403371,0.618409712,0.0417738326,0.5247224191,0.8941676,0.9822704,0.998992582,0.78561058,0.81068206,0.99966224,0.9740256,0.2114529432,0.2132457498,0.2130808272,0.2018464841,0.0040502853,0.808274892,0.966124973,0.81823535,0.9320186286,0.9634309334,0.9599648952,0.9026531378,0.757126197,0.4066221,0.4918215,0.4393150594,0.4261646,0.172138088,0.7768558024,0.7448412,0.6394603375,0.729899431,0.7436333,0.6941725117,0.6327054061,0.584138991,0.226086397,0.47352211,0.3348966241,0.362216351,0.137009503,0.324496324,0.3772898755,0.097342079,0.311413063,0.2311306,0.950042931,0.9824493737,0.9892815717,0.9885246615,0.919477417,0.281156546,0.093350276,0.1193766219,0.028304589,0.18884296,0.204568167,0.283931898,0.267675876,0.061213785,0.055370083,0.075699962
"chr20_1369197-1369327(-)_dp.ps",0.001247889,0.001888929,0,0.002699392,0.001757258,0.003660902,0.005657146,0.0018195912,0.135526793,0.1372172137,0.1083619,0.0009753569,0.0039248408,0.0106336063,0.002826616,0.003453348,0.002004497,0.874084285,0.9975248,0.9975259675,0.997431208,0.996630467,0.996883056,0.9988039347,0.902973832,0.049968607,0.9282967,0.9799827019,0.995384072,0.997445231,0.996042016,0.997416253,0.997160502,0.99797132,0.999297836,0.90601679,0.0002271717,0.0002735546,0.0003728609,0.0005759393,0.0026830514,0.904092906,0.9993555833,0.998291549,0.9971349225,0.996990007,0.996172788,0.992630452,0.990508099,0.974582421,0.9841932071,0.3665774056,0.3039403716,0.9394838354,0.923168202,0.92572355,0.9666772,0.111886044,0.132348255,0.4977337457,0.4903716897,0.5379669445,0.03934234,0.07117582,0.518759503,0.55530148,0.50081991,0.06833496,0.03464069,0.3929713562,0.4843760929,0.4559905027,0.0721655949,0.0310322162,0.40852772,0.871426569,0.96085802,0.9526201528,0.2775523848,0.1382716123,0.164224989,0.119726569,0.4437615,0.3646849,0.0409754827,0.5136783,0.612732499,0.8469277979,0.7997444,0.4372448013,0.312377278,0.638850256,0.7807958911,0.6983272236,0.23343073,0.54099589,0.337900235,0.3793767138,0.351267532,0.164554324,0.018219382,0.2286839186,0.259509345,0.163769355,0.1679298,0.689847616,0.7827650344,0.4257596036,0.2666489005,0.528176568,0.674159968,0.303625279,0.2800880156,0.075144346,0.90152377,0.988674201,0.990694672,0.99665567,0.997529248,0.998115828,0.998491203
"chr14_57206994-57207124(-)_dp.ps",0.17861457,0.073266806,0.045509852,0.987792487,0.996515345,0.975886071,0.010521983,0.0141929083,0.761868665,0.9866043164,0.9829745,0.8785728219,0.000156133,0.9951452406,0.997170792,0.998523996,0.999576979,0.940144999,3.806225e-05,0.0034666354,0.001712913,0.001819034,0.001882639,0.0027271149,0.938173516,0.9986483146,0.9980173,0.9984842967,0.9963856333,0.689516446,0.958933875,0.993741422,0.990810894,0.007831868,0.008517136,0.96362003,0.9878402027,0.987195608,0.1458279027,0.2164086935,0.2059549379,0.216090742,0.2026496257,0.043906649,0.0408934808,0.787630841,0.794483128,0.781827263,0.041393425,0.0705640246,0.2098921088,0.2072065904,0.0044018103,0.9741627523,0.99712643,0.99945586,0.998973905,0.999769629,0.999840377,0.9636288421,0.6349448067,0.0014155275,3.612804e-05,5.837861e-05,0.002620677,0.63525567,0.96331438,0.99845867,0.9998899,0.9994437162,0.9997827266,0.9942243353,0.9804352863,0.0753417558,0.314190594,0.210022389,0.79002354,0.9313372536,0.9856975829,0.9976936942,0.9969544735,0.988991181,0.9779821,0.7508433,0.7510072344,0.6833704,0.488336801,0.3114432744,0.1969371,0.0324119839,0.294519105,0.544925983,0.6705323502,0.961895598,0.98867436,0.82813078,0.007204464,0.0108018959,0.014793925,0.159854942,0.162319739,0.0002444961,0.816772623,0.827642032,0.9834851,0.983099777,0.9879357166,0.978375252,0.7362131217,0.735990978,0.001593759,0.068459477,0.017975379,0.981301835,0.984716166,0.967513699,0.974041717,0.965620875,0.895224536,0.77149583,0.109218409
"chr5_132877146-132877276(-)_dp.ps",0.990340664,0.984941582,0.970047015,0.050583209,0.017590612,0.020280177,0.000749694,0.0008095716,0.002707898,0.003994457,0.01811026,0.9575468362,0.988372281,0.9929772584,0.996458295,0.999281372,0.997460945,0.914383256,0.9908086,0.9914962351,0.991941781,0.999286569,0.998596995,0.8198100747,0.038351026,0.0527548427,0.1122259,0.3681171378,0.2624611564,0.716298505,0.829896512,0.995002457,0.995395579,0.995514595,0.961985462,0.13574263,0.1893564256,0.1145424906,0.3983828067,0.9035296246,0.9916795999,0.857554262,0.6662383295,0.459341726,0.151843423,0.680146412,0.7018882,0.824805744,0.807963609,0.2339088904,0.7338045807,0.5520018622,0.4867074184,0.4884777688,0.502787644,0.07849484,0.136141174,0.121912352,0.041408221,0.4038784338,0.3921098078,0.4222863219,0.4090426,0.7062845,0.710778884,0.85304005,0.83215362,0.65089038,0.1017982,0.7875293468,0.9334603912,0.9328887945,0.5926041742,0.3594551536,0.505605068,0.644378128,0.95076376,0.9279821893,0.4762911775,0.4676061136,0.5265571429,0.972035289,0.9924087,0.9845576,0.9784227924,0.3133399,0.062994655,0.4177378479,0.4635969,0.4072567253,0.211316449,0.23446374,0.2301930329,0.1782484792,0.711927855,0.922499755,0.976931147,0.9841872255,0.949829462,0.581775029,0.124919359,0.1476212251,0.118522574,0.88758271,0.9788819,0.968077354,0.9828017149,0.9790412297,0.9084692206,0.412827019,0.880250192,0.977110028,0.9947236349,0.996953127,0.996732494,0.995954635,0.587627524,0.009065688,0.013272703,0.011042393,0.005137564
"chr13_99367822-99367952(+)_dp.ps",0.89785778,0.842667082,0.13144382,0.003434184,0.284395066,0.276979656,0.410539168,0.1467490923,0.151608378,0.0095269938,0.105484,0.133021344,0.6275578305,0.9337975525,0.949811667,0.926000473,0.550617268,0.430529702,0.2693563,0.2936166258,0.068023368,0.049408854,0.031027193,0.0286698622,0.032244705,0.995218695,0.9996847,0.9998915434,0.9770782102,0.985216261,0.29901656,0.901662446,0.383641228,0.9849475,0.997134151,0.99696929,0.0006215602,0.0170266734,0.0041797625,0.0187892902,0.0196075901,0.018874395,0.0006958935,0.976515062,0.9779072893,0.982193288,0.010239392,0.666367892,0.297112424,0.627273766,0.0210975488,0.9800782147,0.9980920159,0.998159577,0.997812171,0.99168058,0.605487032,0.607083996,0.618814506,0.5782399254,0.3606406263,0.9095059453,0.9582345,0.8579659,0.359939324,0.03518194,0.02562539,0.02232902,0.5162404,0.5741769815,0.9414487927,0.9990278064,0.9986552442,0.998898153,0.581236985,0.024261212,0.01867181,0.9884576672,0.9947163783,0.998995219,0.9992198631,0.987719842,0.6413826,0.3877146,0.8276919396,0.7085651,0.607861986,0.0075441208,0.00645548,0.003256206,0.059995004,0.085982929,0.6795758849,0.7649945103,0.640813017,0.958451923,0.986748264,0.9928703951,0.995888151,0.994290389,0.985824652,0.1763028386,0.175845394,0.121856988,0.4314381,0.422599875,0.4404593947,0.4186139397,0.3545824661,0.34861976,0.359390062,0.35420689,0.3325645178,0.033232739,0.040318318,0.027377205,0.011900694,0.009130599,0.15420734,0.189418611,0.278425799
"chr8_63015004-63015134(-)_dp.ps",0.010567481,0.251114126,0.341695314,0.58523478,0.532057742,0.966988871,0.97887459,0.9895153972,0.99115977,0.0100400608,0.01057216,0.0035229489,0.0014090917,0.0032485021,0.005591681,0.005754667,0.001243036,0.983962732,0.9882112,0.9864181955,0.989037704,0.212284557,0.292697026,0.3017426517,0.307295528,0.2262807393,0.3591994,0.3326587298,0.3482838755,0.692906093,0.769226318,0.689251709,0.688991165,0.313259221,0.443580108,0.61433289,0.6627468943,0.6483618154,0.1673372568,0.067852948,0.0022798318,0.02283473,0.6137907989,0.664064731,0.6765155665,0.675764113,0.577096197,0.449208414,0.046949334,0.0963922815,0.0902339923,0.0863967197,0.6581177852,0.7301666336,0.808055861,0.83869066,0.844399149,0.926603415,0.462055206,0.4587913514,0.3223121538,0.144552138,0.6334902,0.6407073,0.593901123,0.35943568,0.17791959,0.50077003,0.5493984,0.5497703208,0.510808656,0.5315286156,0.3880723468,0.3728889575,0.453965283,0.990694767,0.9986878,0.9575073442,0.6165080134,0.0168876152,0.0199613498,0.036608377,0.01272492,0.003396507,0.0022821287,0.00854855,0.009304035,0.0354049101,0.03663699,0.0475784975,0.629487018,0.668972167,0.8115017215,0.835997711,0.203470594,0.058406573,0.062291642,0.0231803506,0.031780208,0.027319979,0.388493363,0.4606443577,0.164315331,0.164456384,0.1136018,0.022769336,0.7138234967,0.7695114042,0.7772399957,0.59438232,0.074661527,0.082929516,0.1068316789,0.120577952,0.131860838,0.104144648,0.027080228,0.038323417,0.040907438,0.022595679,0.022356838
"chr22_42058566-42058696(-)_dp.ps",0.533868709,0.401858937,0.469850622,0.654065977,0.522357142,0.101207837,0.091931237,0.1678101594,0.121869328,0.3501514372,0.4676776,0.5466697841,0.4840623747,0.0424557597,0.365903147,0.349895406,0.33453201,0.443553068,0.4656272,0.4806878981,0.52837766,0.081031735,0.202891754,0.2387008413,0.24002822,0.0695776272,0.9566668,0.9701502575,0.9685089039,0.948397688,0.013234334,0.019638585,0.859526778,0.969126428,0.994347072,0.99121472,0.9809433284,0.9534921431,0.0377113601,0.0195599483,0.0046591754,0.004303442,0.0127372255,0.004418622,0.930220551,0.982078087,0.976594928,0.983296555,0.96594237,0.8423549586,0.0345106181,0.0276691486,0.0366666093,0.0265667438,0.024439464,0.97347049,0.959376591,0.958431861,0.971175884,0.0403370009,0.1805884173,0.4478189199,0.7180465,0.7916017,0.863337324,0.17781632,0.10076818,0.05495131,0.07006275,0.0527996504,0.0877246608,0.1362104332,0.1655673276,0.1269716522,0.123711977,0.666496454,0.5862298,0.5728708109,0.5320959635,0.3584444371,0.7908108579,0.968175162,0.9990868,0.9992349,0.9982959637,0.9937128,0.98712944,0.0002676824,0.0003205773,0.0042852225,0.967562015,0.958533098,0.8146283507,0.0232878565,0.215422177,0.103122427,0.081208688,0.0027775261,0.08377315,0.025872352,0.908947049,0.956838339,0.96089705,0.06711432,0.07113415,0.034207609,0.0355084221,0.9865728581,0.9930399302,0.992567747,0.993045184,0.985703668,0.7272314976,0.530245064,0.418709,0.352914232,0.005708052,0.010987322,0.034507884,0.006842726,0.011507546
